PRODUCT_ID_MASTER,PRODUCT_NAME_MASTER,UNIT_PRICE_MASTER,TRANSACTION_ID,TRANSACTION_DATE,PRODUCT_NAME,QUANTITY,UNIT_PRICE,TOTAL_PRICE,SIMILARITY
P001,スノーテック CRYSTALVIEW KJ-55X9500G,150000,E000001,2025-01-01,スノーテック  CRYSTALVIEW  KJ-55X9500G＜半額セール＞,2,150000,300000,0.9934140473
P002,フジヤマ電機 VISIONMAX TH-55FX700M,120000,E000002,2025-02-02,フジヤマ電機 VISIONMAX TH55FX700M[期間限定],3,120000,360000,0.9583717797
P003,サクラ電器 CLEARSCREEN 4T KJ-55X7000,110000,E000003,2025-03-03,サクラ電器 CLEARSCREEN 4T KJ-55X7000（ネット）【期間限定】,4,110000,440000,0.9810262036
P004,ゆきだるま食品 カップめん,200,E000004,2025-04-04,ゆきだるま食品 カップめん（期間限定）,5,200,1000,0.9767740392
P005,サファイア飲料 ゴールドビール,400,E000005,2025-05-05,サファイア飲料  ゴールドビール（期間限定）,1,400,400,0.9863294324
P006,ブルーウェーブ パワフル洗剤,800,E000006,2025-06-06,パワフル洗剤[期間限定],2,800,1600,0.9999993806
P007,シンプルウェア ウォームインナーシャツ,1500,E000007,2025-07-07,シンプルウェア ウォームインナーシャツ（ﾈッﾄ）[期間限定],3,1500,4500,0.9898247577
P008,ナチュラルスタイル オーガニックコットンシャツ,2500,E000008,2025-08-08,ナチュラルスタイル オーガニックコットンシャツ[期間限定],4,2500,10000,0.9939742864
P052,ナチュラルスタイル リネンシャツ,2800,E000008,2025-08-08,ナチュラルスタイル オーガニックコットンシャツ[期間限定],4,2500,10000,0.9249609959
P009,スカイライン文具 イレーサブルペン,100,E000009,2025-09-09,スカイライン文具  イレーサブルペン［半額セール］,5,100,500,0.9749221461
P062,スカイライン文具 イレーサブルペン,130,E000009,2025-09-09,スカイライン文具  イレーサブルペン［半額セール］,5,100,500,0.9595877156
P010,ワンダートイ ロボットフィギュア,3000,E000010,2025-10-10,ワンダートイ ロボットフィギュア[期間限定],1,3000,3000,0.9842984305
P073,ワンダートイ ヒーローフィギュア,3000,E000010,2025-10-10,ワンダートイ ロボットフィギュア[期間限定],1,3000,3000,0.9230375525
P011,アオゾラ電機 BRIGHTVIEW 43S32,70000,E000011,2025-11-11,アオゾラ電機 BRIGHTVIEW ４３Ｓ３２（ネット）＜半額セール＞,2,70000,140000,0.9921915521
P012,サンシャイン製菓 ミルクチョコ,150,E000012,2025-12-12,ミルクチョコ［半額セール］,3,150,450,0.9999991194
P039,ドリーム製菓 プレミアムチョコ,180,E000012,2025-12-12,ミルクチョコ［半額セール］,3,150,450,0.9080597368
P013,フレッシュケア ソフティーナ,500,E000013,2025-01-13,フレッシュケア  ソフティーナ【半額セール】,4,500,2000,0.9764549918
P014,ヤマトエアコン MSZ-GV3519,90000,E000014,2025-02-14,ヤマトｴｱｺﾝ MSZGV3519＜期間限定＞,5,90000,450000,0.9755639421
P015,ハッピースイーツ チョコパイ,300,E000015,2025-03-15,ハッピースイーツ チョコパイ（ネット）【期間限定】,1,300,300,0.9740228018
P016,ミライ電機 4Kスマートテレビ,80000,E000016,2025-04-16,ミライ電機 4Kスマートテレビ[期間限定],2,80000,160000,0.9974796223
P017,フジヤマ電機 4Kプロジェクター,130000,E000017,2025-05-17,フジヤマ電機  4Kプロジェクター[期間限定],3,130000,390000,0.9955548759
P018,サクラ電器 加湿器 HX-50,15000,E000018,2025-06-18,加湿器 HX50[半額セール],4,15000,60000,0.9917082851
P019,スノーテック ワイヤレスヘッドホン WH-1000XM4,90000,E000019,2025-07-19,スノーテック ワイヤレスヘッドホン WH-1000XM4（ネット）＜期間限定＞,5,90000,450000,0.996627505
P020,フジヤマ電機 掃除機 MC-CL883,75000,E000020,2025-08-20,フジヤマ電機 掃除機 mc-cl883＜半額セール＞,1,75000,75000,0.9941297148
P021,アオゾラ電機 ノンフロン冷蔵庫,85000,E000021,2025-09-21,アオゾラ電機  ﾉﾝﾌﾛﾝ冷蔵庫（半額セール）,2,85000,170000,0.9913735708
P022,ミライ電機 ドラム式洗濯機,100000,E000022,2025-10-22,ミライ電機 ドラム式洗濯機【期間限定】,3,100000,300000,0.9877143006
P023,フジヤマ電機 エアコン CS-XE,95000,E000023,2025-11-23,フジヤマ電機 エアコン CS-XE（ネット）【半額セール】,4,95000,380000,0.9903691028
P024,スノーテック デジタルカメラ α7 III,200000,E000024,2025-12-24,デジタルカメラ α7 III[半額セール],5,200000,1000000,0.9788087406
P092,スノーテック デジタル一眼レフ α7R IV,250000,E000024,2025-12-24,デジタルカメラ α7 III[半額セール],5,200000,1000000,0.9101510082
P025,プリズム光学 EOS R6,230000,E000025,2025-01-25,プリズム光学  eos  r6【半額セール】,1,230000,230000,0.9563683821
P026,デジタルスカイ ノートパソコン FMV,80000,E000026,2025-02-26,デジタルスカイ ノートパソコン FMV[半額セール],2,80000,160000,0.9840408313
P027,テクノスフィア ValueBook,85000,E000027,2025-03-27,テクノスフィア ValueBook（ネット）【期間限定】,3,85000,255000,0.9497668503
P028,クリスタルビジョン OM-D E-M10,120000,E000028,2025-04-28,クリスタルビジョン OM-D E-M10【半額セール】,4,120000,480000,0.9601044753
P029,プリズム光学 PIXMA iX6820,25000,E000029,2025-05-01,プリズム光学  PIXMA  iX6820【期間限定】,5,25000,125000,0.959245821
P030,プリントマスター エコタンク ET-2750,35000,E000030,2025-06-02,エコタンク et2750（半額セール）,1,35000,35000,0.9882925564
P031,オフィスプロ IM C200,40000,E000031,2025-07-03,オフィスプロ IM C200（ネット）（半額セール）,2,40000,80000,0.9524252188
P032,テクノセラミック DS-300,45000,E000032,2025-08-04,テクノセラミック DS-300＜期間限定＞,3,45000,135000,0.9902308427
P033,ゆきだるま食品 一杯きつねうどん,220,E000033,2025-09-05,ゆきだるま食品  一杯きつねうどん＜半額セール＞,4,220,880,0.9689082116
P034,クリアウォーター ゴールドプレミアム,500,E000034,2025-10-06,クリアウォーター ゴールドプレミアム[閉店セール],5,500,2500,0.9748863657
P035,ヘルシー乳業 ヘルス1000,250,E000035,2025-11-07,ヘルシー乳業 ヘルス1000（ﾈッﾄ）［期間限定］,1,250,250,0.9835514524
P036,ホームキッチン カレールウ,300,E000036,2025-12-08,カレールウ＜半額セール＞,2,300,600,0.9999989613
P037,まるまる食品 こだわり麺,250,E000037,2025-01-09,まるまる食品  こだわり麺[期間限定],3,250,750,0.9786929003
P038,スマイル製菓 スティックチョコ,150,E000038,2025-02-10,スマイル製菓 スティックチョコ［半額セール］,4,150,600,0.9431192852
P039,ドリーム製菓 プレミアムチョコ,180,E000039,2025-03-11,ドリーム製菓 プレミアムチョコ（ネット）［半額セール］,5,180,900,0.9715188304
P040,クラシック食品 北国ラーメン,210,E000040,2025-04-12,クラシック食品 北国ラーメン［半額セール］,1,210,210,0.9784041803
P041,フレッシュベジ トマトジュース,180,E000041,2025-05-13,フレッシュベジ  トマトジュース［半額セール］,2,180,360,0.9126875943
P042,ソフトケア やさしいケア,350,E000042,2025-06-14,やさしいケア[閉店セール],3,350,1050,0.9999990893
P043,クリーンライフ クリーンウォッシュ洗剤,800,E000043,2025-07-15,クリーンライフ クリーンウォッシュ洗剤（ネット）＜半額セール＞,4,800,3200,0.9910396588
P044,ビューティーラボ フローラルシャンプー,1200,E000044,2025-08-16,ビューティーラボ フローラルシャンプー【半額セール】,5,1200,6000,0.9974042833
P045,ヘルスケアプラス リリーフシップ,400,E000045,2025-09-17,ヘルスケアプラス  リリーフシップ＜半額セール＞,1,400,400,0.98541988
P046,ケアファーム クールケア,500,E000046,2025-10-18,ケアファーム クールケア［期間限定］,2,500,1000,0.9881892887
P047,コスメラボ ハンドクリーム,700,E000047,2025-11-19,コスメラボ ハンドクリーム（ネット）［半額セール］,3,700,2100,0.9832328928
P048,ブルーウェーブ やさしいケア 洗濯柔軟剤,300,E000048,2025-12-20,やさしいケア 洗濯柔軟剤【半額セール】,4,300,1200,0.9866505805
P049,シンプルウェア ジーンズ,3000,E000049,2025-01-21,シンプルウェア  ジｰﾝズ[閉店セール],5,3000,15000,0.970491369
P050,ナチュラルスタイル ウールブレンドコート,5000,E000050,2025-02-22,ナチュラルスタイル ウールブレンドコート［半額セール］,1,5000,5000,0.9911705353
P051,シンプルウェア スウェットパーカー,2500,E000051,2025-03-23,シンプルウェア スウェットパーカー（ネット）[半額セール],2,2500,5000,0.9541379051
P008,ナチュラルスタイル オーガニックコットンシャツ,2500,E000052,2025-04-24,ナチュラルスタイル リネンシャツ[期間限定],3,2800,8400,0.9213284669
P052,ナチュラルスタイル リネンシャツ,2800,E000052,2025-04-24,ナチュラルスタイル リネンシャツ[期間限定],3,2800,8400,0.9918182542
P053,シンプルウェア ストレッチジャケット,3500,E000053,2025-05-25,シンプルウェア  ストレッチジャケット【期間限定】,4,3500,14000,0.9826209999
P054,ベーシックウェア Tシャツ,1200,E000054,2025-06-26,Tシャツ【半額セール】,5,1200,6000,0.99999936
P055,ナチュラルスタイル シンプルワンピース,4000,E000055,2025-07-27,ナチュラルスタイル シンプルワンピース（ネット）[期間限定],1,4000,4000,0.991487816
P056,スカイライン文具 G2ジェルペン,150,E000056,2025-08-28,スカイライン文具 G2 ジェﾙペﾝ[期間限定],2,150,300,0.9865971547
P057,ダイヤモンド文具 プロペンシル,120,E000057,2025-09-01,ダイヤモンド文具  プロペンシル[期間限定],3,120,360,0.9812758883
P058,オフィスワーク スタディノート,200,E000058,2025-10-02,オフィスワーク スタディノート[期間限定],4,200,800,0.9819036808
P059,カラーライン ハイライター,180,E000059,2025-11-03,カラーライン ハイライター（ネット）[閉店セール],5,180,900,0.967998625
P060,グリーンペンシル クリア消しゴム,100,E000060,2025-12-04,クリア消しゴム（期間限定）,1,100,100,0.9999988515
P061,ペンマスター スムースジェル,180,E000061,2025-01-05,ペンマスター  スムースジェル［期間限定］,2,180,360,0.9214038924
P009,スカイライン文具 イレーサブルペン,100,E000062,2025-02-06,スカイライン文具 イレーサブルペン（期間限定）,3,130,390,0.9595169385
P062,スカイライン文具 イレーサブルペン,130,E000062,2025-02-06,スカイライン文具 イレーサブルペン（期間限定）,3,130,390,0.9770873042
P063,ペンマスター シャープペンシル,160,E000063,2025-03-07,ペンマスター シャープペンシル（ﾈッﾄ）＜期間限定＞,4,160,640,0.9785797448
P064,アート文具 ボールペン,150,E000064,2025-04-08,アート文具 ボールペン［半額セール］,5,150,750,0.980173214
P065,オフィスプラス カラーペンセット,250,E000065,2025-05-09,オフィスプラス  カラーペンセット【期間限定】,1,250,250,0.9862540047
P066,ワンダートイ トレインレール,2800,E000066,2025-06-10,トレインレール［期間限定］,2,2800,5600,0.9999993119
P067,ファンタジートイ デジペット,1200,E000067,2025-07-11,ファンタジートイ デジペット（ネット）（期間限定）,3,1200,3600,0.9836903621
P068,ファンタジートイ マスクヒーローフィギュア,3200,E000068,2025-08-12,ファンタジートイ マスクヒーローフィギュア【閉店セール】,4,3200,12800,0.9931159865
P072,ファンタジートイ メカロボットフィギュア,4000,E000068,2025-08-12,ファンタジートイ マスクヒーローフィギュア【閉店セール】,4,3200,12800,0.9423510718
P069,ワンダートイ ミニカー,1500,E000069,2025-09-13,ワンダートイ  ミニカー［半額セール］,5,1500,7500,0.9461118538
P070,ファンタジートイ チェンジロボ,3500,E000070,2025-10-14,ファンタジートイ チェンジロボ【閉店セール】,1,3500,3500,0.9774979134
P071,ファンタジートイ モンスターカード,500,E000071,2025-11-15,ファンタジートイ モンスターカード（ネット）＜期間限定＞,2,500,1000,0.983448578
P010,ワンダートイ ロボットフィギュア,3000,E000072,2025-12-16,メカロボットフィギュア［期間限定］,3,4000,12000,0.902746524
P068,ファンタジートイ マスクヒーローフィギュア,3200,E000072,2025-12-16,メカロボットフィギュア［期間限定］,3,4000,12000,0.9266857593
P072,ファンタジートイ メカロボットフィギュア,4000,E000072,2025-12-16,メカロボットフィギュア［期間限定］,3,4000,12000,0.9999991526
P073,ワンダートイ ヒーローフィギュア,3000,E000072,2025-12-16,メカロボットフィギュア［期間限定］,3,4000,12000,0.9005973413
P010,ワンダートイ ロボットフィギュア,3000,E000073,2025-01-17,ワンダートイ  ヒーローフィギュア＜半額セール＞,4,3000,12000,0.9223826287
P073,ワンダートイ ヒーローフィギュア,3000,E000073,2025-01-17,ワンダートイ  ヒーローフィギュア＜半額セール＞,4,3000,12000,0.989710056
P074,ファンタジートイ ミニレーサー,2000,E000074,2025-02-18,ファンタジートイ ミニレーサー［半額セール］,5,2000,10000,0.9899069478
P075,スノーテック ワイヤレススピーカー SRS-XB12,8000,E000075,2025-03-19,スノーテック ワイヤレススピーカー srs-xb12（ネット）【期間限定】,1,8000,8000,0.9954123634
P076,フジヤマ電機 ポータブルスピーカー,6000,E000076,2025-04-20,フジヤマ電機 ポータブルスピーカー【閉店セール】,2,6000,12000,0.9879899926
P077,サクラ電器 スマートウォッチ,18000,E000077,2025-05-21,サクラ電器  ｽﾏｰﾄｳォッﾁ（半額セール）,3,18000,54000,0.9759471354
P078,ミライ電機 デジタルサイネージ,95000,E000078,2025-06-22,デジタルサイネージ＜期間限定＞,4,95000,380000,0.9999992618
P079,フジヤマ電機 電子レンジ,15000,E000079,2025-07-23,フジヤマ電機 電子レンジ（ネット）【半額セール】,5,15000,75000,0.9836203381
P080,スノーテック ブルーレイプレーヤー,12000,E000080,2025-08-24,スノーテック ブルーレイプレーヤー【閉店セール】,1,12000,12000,0.993612379
P081,グローバルビジョン LED55PRO,180000,E000081,2025-09-25,グローバルビジョン  LED55PRO（半額セール）,2,180000,360000,0.9513488938
P082,アオゾラ電機 LEDテレビ 55型,70000,E000082,2025-10-26,アオゾラ電機 LEDテレビ 55型（半額セール）,3,70000,210000,0.9937775628
P083,フジヤマ電機 冷蔵庫 NR-F603M,90000,E000083,2025-11-27,フジヤマ電機 冷蔵庫 NR-F603M（ネット）［半額セール］,4,90000,360000,0.9947883129
P084,サクラ電器 空気清浄機,22000,E000084,2025-12-28,空気清浄機［期間限定］,5,22000,110000,0.9999991008
P085,ミライ電機 炊飯器 RZ-Mシリーズ,30000,E000085,2025-01-01,ミライ電機  炊飯器  rz-mシリーズ【閉店セール】,1,30000,30000,0.9927998574
P086,ヤマト IHクッキングヒーター,45000,E000086,2025-02-02,ヤマト IHクッキングヒーター【半額セール】,2,45000,90000,0.9955155346
P087,スノーテック ゲーム機 GAMESTATION5,50000,E000087,2025-03-03,スノーテック ゲーム機 GAMESTATION5（ネット）【半額セール】,3,50000,150000,0.9725608617
P088,ゲームワールド ポータブルゲーム,40000,E000088,2025-04-04,ゲームワールド ポータブルゲーム（期間限定）,4,40000,160000,0.9953291872
P089,グローバルゲーム ゲームボックスX,55000,E000089,2025-05-05,グローバルゲーム  ゲームボックスX【半額セール】,5,55000,275000,0.9521074603
P090,フジヤマ電機 ビエラ ブルーレイレコーダー,35000,E000090,2025-06-06,ビエラ ブルーレイレコーダー[期間限定],1,35000,35000,0.9867806212
P091,サクラ電器 スマートフォン CLEARSCREEN R6,70000,E000091,2025-07-07,サクラ電器 ｽﾏｰﾄﾌォﾝ CLEARSCREEN R6（ﾈッﾄ）【期間限定】,2,70000,140000,0.9558838993
P024,スノーテック デジタルカメラ α7 III,200000,E000092,2025-08-08,スノーテック デジタル一眼レフ α7R IV【閉店セール】,3,250000,750000,0.9190578637
P092,スノーテック デジタル一眼レフ α7R IV,250000,E000092,2025-08-08,スノーテック デジタル一眼レフ α7R IV【閉店セール】,3,250000,750000,0.9568589646
P025,プリズム光学 EOS R6,230000,E000093,2025-09-09,プリズム光学  EOS  90D[半額セール],4,150000,600000,0.9026419048
P093,プリズム光学 EOS 90D,150000,E000093,2025-09-09,プリズム光学  EOS  90D[半額セール],4,150000,600000,0.9794879367
P094,レンズマスター X-T4,170000,E000094,2025-10-10,レンズマスター XT4【半額セール】,5,170000,850000,0.9665248792
P095,クリスタルビジョン PEN-F,140000,E000095,2025-11-11,クリスタルビジョン pen-f（ネット）［半額セール］,1,140000,140000,0.9935490707
P096,ビジョンプロ Z6 II,200000,E000096,2025-12-12,Z6 II【期間限定】,2,200000,400000,0.974299936
P097,プリズム光学 imagePROGRAF PRO-1000,300000,E000097,2025-01-13,プリズム光学  imagePROGRAF  PRO-1000＜期間限定＞,3,300000,900000,0.9815471733
P098,プリントマスター スキャナー Perfection V39,25000,E000098,2025-02-14,プリントマスター ｽｷャﾅｰ Perfection V39＜半額セール＞,4,25000,100000,0.9804272066
P099,オフィスプロ MP C4504,80000,E000099,2025-03-15,オフィスプロ ＭＰ Ｃ４５０４（ネット）［半額セール］,5,80000,400000,0.9662052667
P100,テクノセラミック TASKalfa 2552ci,250000,E000100,2025-04-16,テクノセラミック taskalfa 2552ci＜半額セール＞,1,250000,250000,0.9748156551
P001,スノーテック CRYSTALVIEW KJ-55X9500G,150000,E000101,2025-05-17,スノーテック  CRYSTALVIEW  KJ-55X9500G[半額セール],2,150000,300000,0.9934140473
P002,フジヤマ電機 VISIONMAX TH-55FX700M,120000,E000102,2025-06-18,VISIONMAX TH55FX700M（半額セール）,3,120000,360000,0.9282537937
P003,サクラ電器 CLEARSCREEN 4T KJ-55X7000,110000,E000103,2025-07-19,サクラ電器 CLEARSCREEN 4T KJ-55X7000（ネット）［半額セール］,4,110000,440000,0.9810262036
P004,ゆきだるま食品 カップめん,200,E000104,2025-08-20,ゆきだるま食品 カップめん＜半額セール＞,5,200,1000,0.9767740392
P005,サファイア飲料 ゴールドビール,400,E000105,2025-09-21,サファイア飲料  ゴールドビール[半額セール],1,400,400,0.9863294324
P006,ブルーウェーブ パワフル洗剤,800,E000106,2025-10-22,ブルーウェーブ パワフル洗剤【期間限定】,2,800,1600,0.9846276798
P007,シンプルウェア ウォームインナーシャツ,1500,E000107,2025-11-23,シンプルウェア ウォームインナーシャツ（ネット）【半額セール】,3,1500,4500,0.9898247577
P008,ナチュラルスタイル オーガニックコットンシャツ,2500,E000108,2025-12-24,オーガニックコットンシャツ＜期間限定＞,4,2500,10000,0.9999995025
P009,スカイライン文具 イレーサブルペン,100,E000109,2025-01-25,スカイライン文具  イレーサブルペン［期間限定］,5,100,500,0.9749221461
P062,スカイライン文具 イレーサブルペン,130,E000109,2025-01-25,スカイライン文具  イレーサブルペン［期間限定］,5,100,500,0.9595877156
P010,ワンダートイ ロボットフィギュア,3000,E000110,2025-02-26,ワンダートイ ロボットフィギュア［期間限定］,1,3000,3000,0.9842984305
P073,ワンダートイ ヒーローフィギュア,3000,E000110,2025-02-26,ワンダートイ ロボットフィギュア［期間限定］,1,3000,3000,0.9230375525
P011,アオゾラ電機 BRIGHTVIEW 43S32,70000,E000111,2025-03-27,アオゾラ電機 BRIGHTVIEW 43S32（ネット）（半額セール）,2,70000,140000,0.9921915521
P012,サンシャイン製菓 ミルクチョコ,150,E000112,2025-04-28,サンシャイン製菓 ミルクチョコ［半額セール］,3,150,450,0.9755737793
P013,フレッシュケア ソフティーナ,500,E000113,2025-05-01,フレッシュケア  ソフティーナ［期間限定］,4,500,2000,0.9764549918
P014,ヤマトエアコン MSZ-GV3519,90000,E000114,2025-06-02,MSZGV3519（期間限定）,5,90000,450000,0.9129672452
P015,ハッピースイーツ チョコパイ,300,E000115,2025-07-03,ハッピースイーツ チョコパイ（ネット）＜半額セール＞,1,300,300,0.9740228018
P016,ミライ電機 4Kスマートテレビ,80000,E000116,2025-08-04,ミライ電機 4Kスマートテレビ＜半額セール＞,2,80000,160000,0.9974796223
P017,フジヤマ電機 4Kプロジェクター,130000,E000117,2025-09-05,フジヤマ電機  4Kプロジェクター【閉店セール】,3,130000,390000,0.9955548759
P018,サクラ電器 加湿器 HX-50,15000,E000118,2025-10-06,サクラ電器 加湿器 HX50[半額セール],4,15000,60000,0.9882980133
P019,スノーテック ワイヤレスヘッドホン WH-1000XM4,90000,E000119,2025-11-07,スノーテック ﾜｲﾔﾚｽﾍッドﾎﾝ WH-1000XM4（ﾈッﾄ）［半額セール］,5,90000,450000,0.996627505
P020,フジヤマ電機 掃除機 MC-CL883,75000,E000120,2025-12-08,掃除機 mc-cl883[閉店セール],1,75000,75000,0.9961096739
P021,アオゾラ電機 ノンフロン冷蔵庫,85000,E000121,2025-01-09,アオゾラ電機  ノンフロン冷蔵庫【半額セール】,2,85000,170000,0.9913735708
P022,ミライ電機 ドラム式洗濯機,100000,E000122,2025-02-10,ミライ電機 ドラム式洗濯機［半額セール］,3,100000,300000,0.9877143006
P023,フジヤマ電機 エアコン CS-XE,95000,E000123,2025-03-11,フジヤマ電機 エアコン CS-XE（ネット）[閉店セール],4,95000,380000,0.9903691028
P024,スノーテック デジタルカメラ α7 III,200000,E000124,2025-04-12,スノーテック デジタルカメラ α7 III＜期間限定＞,5,200000,1000000,0.9805217606
P092,スノーテック デジタル一眼レフ α7R IV,250000,E000124,2025-04-12,スノーテック デジタルカメラ α7 III＜期間限定＞,5,200000,1000000,0.9189457243
P025,プリズム光学 EOS R6,230000,E000125,2025-05-13,プリズム光学  eos  r6[閉店セール],1,230000,230000,0.9563683821
P026,デジタルスカイ ノートパソコン FMV,80000,E000126,2025-06-14,ﾉｰﾄパｿｺﾝ FMV[期間限定],2,80000,160000,0.9910373898
P027,テクノスフィア ValueBook,85000,E000127,2025-07-15,テクノスフィア ValueBook（ネット）［半額セール］,3,85000,255000,0.9497668503
P028,クリスタルビジョン OM-D E-M10,120000,E000128,2025-08-16,クリスタルビジョン OM-D E-M10【半額セール】,4,120000,480000,0.9601044753
P029,プリズム光学 PIXMA iX6820,25000,E000129,2025-09-17,プリズム光学  PIXMA  iX6820[閉店セール],5,25000,125000,0.9592148683
P030,プリントマスター エコタンク ET-2750,35000,E000130,2025-10-18,プリントマスター エコタンク et2750【半額セール】,1,35000,35000,0.9888631805
P031,オフィスプロ IM C200,40000,E000131,2025-11-19,オフィスプロ IM C200（ネット）[半額セール],2,40000,80000,0.9524450231
P032,テクノセラミック DS-300,45000,E000132,2025-12-20,ＤＳ－３００（半額セール）,3,45000,135000,1
P033,ゆきだるま食品 一杯きつねうどん,220,E000133,2025-01-21,ゆきだるま食品  一杯きつねうどん[半額セール],4,220,880,0.9689082116
P034,クリアウォーター ゴールドプレミアム,500,E000134,2025-02-22,クリアウォーター ゴールドプレミアム[期間限定],5,500,2500,0.9748863657
P035,ヘルシー乳業 ヘルス1000,250,E000135,2025-03-23,ヘルシー乳業 ヘルス1000（ネット）＜期間限定＞,1,250,250,0.9835514524
P036,ホームキッチン カレールウ,300,E000136,2025-04-24,ホームキッチン カレールウ［半額セール］,2,300,600,0.9874982923
P037,まるまる食品 こだわり麺,250,E000137,2025-05-25,まるまる食品  こだわり麺＜半額セール＞,3,250,750,0.9786929003
P038,スマイル製菓 スティックチョコ,150,E000138,2025-06-26,スティックチョコ[半額セール],4,150,600,0.9999990012
P039,ドリーム製菓 プレミアムチョコ,180,E000139,2025-07-27,ドリーム製菓 プレミアムチョコ（ネット）（期間限定）,5,180,900,0.9715188304
P040,クラシック食品 北国ラーメン,210,E000140,2025-08-28,クラシック食品 北国ラーメン【期間限定】,1,210,210,0.9784041803
P041,フレッシュベジ トマトジュース,180,E000141,2025-09-01,フレッシュベジ  トマトジュース（期間限定）,2,180,360,0.9126875943
P042,ソフトケア やさしいケア,350,E000142,2025-10-02,ソフトケア やさしいケア[閉店セール],3,350,1050,0.9490593274
P043,クリーンライフ クリーンウォッシュ洗剤,800,E000143,2025-11-03,クリーンライフ クリーンウォッシュ洗剤（ネット）【閉店セール】,4,800,3200,0.9910396588
P044,ビューティーラボ フローラルシャンプー,1200,E000144,2025-12-04,フローラルシャンプー（半額セール）,5,1200,6000,0.9999993024
P045,ヘルスケアプラス リリーフシップ,400,E000145,2025-01-05,ヘルスケアプラス  リリーフシップ[閉店セール],1,400,400,0.98541988
P046,ケアファーム クールケア,500,E000146,2025-02-06,ケアファーム クールケア【閉店セール】,2,500,1000,0.9881892887
P047,コスメラボ ハンドクリーム,700,E000147,2025-03-07,コスメラボ ﾊﾝドｸﾘｰﾑ（ﾈッﾄ）[期間限定],3,700,2100,0.9832328928
P006,ブルーウェーブ パワフル洗剤,800,E000148,2025-04-08,ブルーウェーブ やさしいケア 洗濯柔軟剤[期間限定],4,300,1200,0.9109261034
P048,ブルーウェーブ やさしいケア 洗濯柔軟剤,300,E000148,2025-04-08,ブルーウェーブ やさしいケア 洗濯柔軟剤[期間限定],4,300,1200,0.9750812985
P049,シンプルウェア ジーンズ,3000,E000149,2025-05-09,シンプルウェア  ジーンズ（半額セール）,5,3000,15000,0.970491369
P050,ナチュラルスタイル ウールブレンドコート,5000,E000150,2025-06-10,ウールブレンドコート【半額セール】,1,5000,5000,0.9999989123
P051,シンプルウェア スウェットパーカー,2500,E000151,2025-07-11,シンプルウェア スウェットパーカー（ネット）［期間限定］,2,2500,5000,0.9541379051
P008,ナチュラルスタイル オーガニックコットンシャツ,2500,E000152,2025-08-12,ナチュラルスタイル リネンシャツ[半額セール],3,2800,8400,0.9213284669
P052,ナチュラルスタイル リネンシャツ,2800,E000152,2025-08-12,ナチュラルスタイル リネンシャツ[半額セール],3,2800,8400,0.9918182542
P053,シンプルウェア ストレッチジャケット,3500,E000153,2025-09-13,シンプルウェア  ストレッチジャケット［半額セール］,4,3500,14000,0.9826209999
P054,ベーシックウェア Tシャツ,1200,E000154,2025-10-14,ベーシックウェア Ｔｼャﾂ（期間限定）,5,1200,6000,0.9361308506
P055,ナチュラルスタイル シンプルワンピース,4000,E000155,2025-11-15,ナチュラルスタイル シンプルワンピース（ネット）［期間限定］,1,4000,4000,0.991487816
P056,スカイライン文具 G2ジェルペン,150,E000156,2025-12-16,G2ジェルペン［半額セール］,2,150,300,0.9701303292
P057,ダイヤモンド文具 プロペンシル,120,E000157,2025-01-17,ダイヤモンド文具  プロペンシル【半額セール】,3,120,360,0.9812758883
P058,オフィスワーク スタディノート,200,E000158,2025-02-18,オフィスワーク スタディノート【半額セール】,4,200,800,0.9819036808
P059,カラーライン ハイライター,180,E000159,2025-03-19,カラーライン ハイライター（ネット）[閉店セール],5,180,900,0.967998625
P060,グリーンペンシル クリア消しゴム,100,E000160,2025-04-20,グリーンペンシル クリア消しゴム（半額セール）,1,100,100,0.9768622432
P061,ペンマスター スムースジェル,180,E000161,2025-05-21,ペンマスター  スムースジェル（半額セール）,2,180,360,0.9215514101
P009,スカイライン文具 イレーサブルペン,100,E000162,2025-06-22,イレーサブルペン（半額セール）,3,130,390,0.9690742093
P062,スカイライン文具 イレーサブルペン,130,E000162,2025-06-22,イレーサブルペン（半額セール）,3,130,390,0.99999904
P063,ペンマスター シャープペンシル,160,E000163,2025-07-23,ペンマスター シャープペンシル（ネット）【半額セール】,4,160,640,0.9785904557
P064,アート文具 ボールペン,150,E000164,2025-08-24,アート文具 ボールペン[閉店セール],5,150,750,0.9802074394
P065,オフィスプラス カラーペンセット,250,E000165,2025-09-25,オフィスプラス  カラーペンセット【閉店セール】,1,250,250,0.9862562053
P066,ワンダートイ トレインレール,2800,E000166,2025-10-26,ワンダートイ トレインレール【半額セール】,2,2800,5600,0.9712520288
P067,ファンタジートイ デジペット,1200,E000167,2025-11-27,ファンタジートイ デジペット（ネット）[半額セール],3,1200,3600,0.9836845197
P068,ファンタジートイ マスクヒーローフィギュア,3200,E000168,2025-12-28,マスクヒーローフィギュア＜期間限定＞,4,3200,12800,0.9999991172
P072,ファンタジートイ メカロボットフィギュア,4000,E000168,2025-12-28,マスクヒーローフィギュア＜期間限定＞,4,3200,12800,0.9267697207
P069,ワンダートイ ミニカー,1500,E000169,2025-01-01,ワンダートイ  ミニカー（半額セール）,5,1500,7500,0.9460371183
P070,ファンタジートイ チェンジロボ,3500,E000170,2025-02-02,ファンタジートイ チェンジロボ（半額セール）,1,3500,3500,0.9774817694
P071,ファンタジートイ モンスターカード,500,E000171,2025-03-03,ファンタジートイ モンスターカード（ネット）[閉店セール],2,500,1000,0.9834735009
P068,ファンタジートイ マスクヒーローフィギュア,3200,E000172,2025-04-04,ファンタジートイ メカロボットフィギュア【閉店セール】,3,4000,12000,0.9427952327
P072,ファンタジートイ メカロボットフィギュア,4000,E000172,2025-04-04,ファンタジートイ メカロボットフィギュア【閉店セール】,3,4000,12000,0.9952446058
P010,ワンダートイ ロボットフィギュア,3000,E000173,2025-05-05,ワンダートイ  ヒーローフィギュア（半額セール）,4,3000,12000,0.9224168881
P073,ワンダートイ ヒーローフィギュア,3000,E000173,2025-05-05,ワンダートイ  ヒーローフィギュア（半額セール）,4,3000,12000,0.9897375777
P074,ファンタジートイ ミニレーサー,2000,E000174,2025-06-06,ミニレーサー［半額セール］,5,2000,10000,0.9999984072
P075,スノーテック ワイヤレススピーカー SRS-XB12,8000,E000175,2025-07-07,スノーテック ﾜｲﾔﾚｽｽピｰｶｰ srs-xb12（ﾈッﾄ）【期間限定】,1,8000,8000,0.9954245491
P076,フジヤマ電機 ポータブルスピーカー,6000,E000176,2025-08-08,フジヤマ電機 ポータブルスピーカー【閉店セール】,2,6000,12000,0.987989176
P077,サクラ電器 スマートウォッチ,18000,E000177,2025-09-09,サクラ電器  スマートウォッチ［半額セール］,3,18000,54000,0.9759248102
P078,ミライ電機 デジタルサイネージ,95000,E000178,2025-10-10,ミライ電機 デジタルサイネージ[期間限定],4,95000,380000,0.9836257753
P079,フジヤマ電機 電子レンジ,15000,E000179,2025-11-11,フジヤマ電機 電子レンジ（ネット）（期間限定）,5,15000,75000,0.9836082263
P080,スノーテック ブルーレイプレーヤー,12000,E000180,2025-12-12,ブルーレイプレーヤー[期間限定],1,12000,12000,0.9999992928
P081,グローバルビジョン LED55PRO,180000,E000181,2025-01-13,グローバルビジョン  LED55PRO（期間限定）,2,180000,360000,0.9513697772
P082,アオゾラ電機 LEDテレビ 55型,70000,E000182,2025-02-14,アオゾラ電機 LEDﾃﾚビ 55型（半額セール）,3,70000,210000,0.993779452
P083,フジヤマ電機 冷蔵庫 NR-F603M,90000,E000183,2025-03-15,フジヤマ電機 冷蔵庫 NR-F603M（ネット）［半額セール］,4,90000,360000,0.9947842912
P084,サクラ電器 空気清浄機,22000,E000184,2025-04-16,サクラ電器 空気清浄機[期間限定],5,22000,110000,0.982174513
P085,ミライ電機 炊飯器 RZ-Mシリーズ,30000,E000185,2025-05-17,ミライ電機  炊飯器  rz-mシリーズ（半額セール）,1,30000,30000,0.9927871262
P086,ヤマト IHクッキングヒーター,45000,E000186,2025-06-18,IHクッキングヒーター【閉店セール】,2,45000,90000,0.9999989071
P087,スノーテック ゲーム機 GAMESTATION5,50000,E000187,2025-07-19,スノーテック ゲーム機 GAMESTATION5（ネット）［半額セール］,3,50000,150000,0.9725828721
P088,ゲームワールド ポータブルゲーム,40000,E000188,2025-08-20,ゲームワールド ポータブルゲーム（半額セール）,4,40000,160000,0.9953227999
P089,グローバルゲーム ゲームボックスX,55000,E000189,2025-09-21,グローバルゲーム  ゲームボックスX【期間限定】,5,55000,275000,0.9521460843
P090,フジヤマ電機 ビエラ ブルーレイレコーダー,35000,E000190,2025-10-22,フジヤマ電機 ビエラ ブルーレイレコーダー＜期間限定＞,1,35000,35000,0.9877352895
P091,サクラ電器 スマートフォン CLEARSCREEN R6,70000,E000191,2025-11-23,サクラ電器 スマートフォン CLEARSCREEN R6（ネット）【閉店セール】,2,70000,140000,0.9559145488
P024,スノーテック デジタルカメラ α7 III,200000,E000192,2025-12-24,デジタル一眼レフ α7R IV[閉店セール],3,250000,750000,0.9049555799
P092,スノーテック デジタル一眼レフ α7R IV,250000,E000192,2025-12-24,デジタル一眼レフ α7R IV[閉店セール],3,250000,750000,0.9561930741
P025,プリズム光学 EOS R6,230000,E000193,2025-01-25,プリズム光学  EOS  90D（期間限定）,4,150000,600000,0.9026886029
P093,プリズム光学 EOS 90D,150000,E000193,2025-01-25,プリズム光学  EOS  90D（期間限定）,4,150000,600000,0.9795182555
P094,レンズマスター X-T4,170000,E000194,2025-02-26,レンズマスター XT4＜期間限定＞,5,170000,850000,0.9665358416
P095,クリスタルビジョン PEN-F,140000,E000195,2025-03-27,クリスタルビジョン pen-f（ネット）（半額セール）,1,140000,140000,0.9935537849
P096,ビジョンプロ Z6 II,200000,E000196,2025-04-28,ビジョンプロ Z6 II（期間限定）,2,200000,400000,0.9856253106
P097,プリズム光学 imagePROGRAF PRO-1000,300000,E000197,2025-05-01,プリズム光学  imagePROGRAF  PRO-1000【期間限定】,3,300000,900000,0.9815974809
P098,プリントマスター スキャナー Perfection V39,25000,E000198,2025-06-02,スキャナー Ｐｅｒｆｅｃｔｉｏｎ Ｖ３９［期間限定］,4,25000,100000,0.9805917868
P099,オフィスプロ MP C4504,80000,E000199,2025-07-03,オフィスプロ MP C4504（ネット）[期間限定],5,80000,400000,0.9662743724
P100,テクノセラミック TASKalfa 2552ci,250000,E000200,2025-08-04,テクノセラミック taskalfa 2552ci【半額セール】,1,250000,250000,0.9748287066
P001,スノーテック CRYSTALVIEW KJ-55X9500G,150000,E000201,2025-09-05,スノーテック  CRYSTALVIEW  KJ-55X9500G【閉店セール】,2,150000,300000,0.9933957303
P002,フジヤマ電機 VISIONMAX TH-55FX700M,120000,E000202,2025-10-06,フジヤマ電機 VISIONMAX TH55FX700M[期間限定],3,120000,360000,0.9584075184
P003,サクラ電器 CLEARSCREEN 4T KJ-55X7000,110000,E000203,2025-11-07,サクラ電器 CLEARSCREEN 4T KJ-55X7000（ﾈッﾄ）[半額セール],4,110000,440000,0.9810249405
P004,ゆきだるま食品 カップめん,200,E000204,2025-12-08,カップめん[半額セール],5,200,1000,0.9999989654
P005,サファイア飲料 ゴールドビール,400,E000205,2025-01-09,サファイア飲料  ゴールドビール[半額セール],1,400,400,0.9863252634
P006,ブルーウェーブ パワフル洗剤,800,E000206,2025-02-10,ブルーウェーブ パワフル洗剤【閉店セール】,2,800,1600,0.9845912626
P007,シンプルウェア ウォームインナーシャツ,1500,E000207,2025-03-11,シンプルウェア ウォームインナーシャツ（ネット）（半額セール）,3,1500,4500,0.9898338252
P008,ナチュラルスタイル オーガニックコットンシャツ,2500,E000208,2025-04-12,ナチュラルスタイル オーガニックコットンシャツ＜半額セール＞,4,2500,10000,0.9939840879
P052,ナチュラルスタイル リネンシャツ,2800,E000208,2025-04-12,ナチュラルスタイル オーガニックコットンシャツ＜半額セール＞,4,2500,10000,0.924915234
P009,スカイライン文具 イレーサブルペン,100,E000209,2025-05-13,スカイライン文具  イレーサブルペン[半額セール],5,100,500,0.9748883088
P062,スカイライン文具 イレーサブルペン,130,E000209,2025-05-13,スカイライン文具  イレーサブルペン[半額セール],5,100,500,0.9595338949
P010,ワンダートイ ロボットフィギュア,3000,E000210,2025-06-14,ロボットフィギュア（期間限定）,1,3000,3000,0.9999992968
P072,ファンタジートイ メカロボットフィギュア,4000,E000210,2025-06-14,ロボットフィギュア（期間限定）,1,3000,3000,0.9027232416
P073,ワンダートイ ヒーローフィギュア,3000,E000210,2025-06-14,ロボットフィギュア（期間限定）,1,3000,3000,0.9194715913
P011,アオゾラ電機 BRIGHTVIEW 43S32,70000,E000211,2025-07-15,アオゾラ電機 BRIGHTVIEW 43S32（ネット）【半額セール】,2,70000,140000,0.9921981345
P012,サンシャイン製菓 ミルクチョコ,150,E000212,2025-08-16,サンシャイン製菓 ミルクチョコ[半額セール],3,150,450,0.9755828919
P013,フレッシュケア ソフティーナ,500,E000213,2025-09-17,フレッシュケア  ソフティーナ（半額セール）,4,500,2000,0.9764513943
P014,ヤマトエアコン MSZ-GV3519,90000,E000214,2025-10-18,ヤマトエアコン MSZGV3519＜半額セール＞,5,90000,450000,0.9755684235
P015,ハッピースイーツ チョコパイ,300,E000215,2025-11-19,ハッピースイーツ チョコパイ（ネット）[半額セール],1,300,300,0.9740093451
P016,ミライ電機 4Kスマートテレビ,80000,E000216,2025-12-20,4Kスマートテレビ[期間限定],2,80000,160000,0.9999993385
P017,フジヤマ電機 4Kプロジェクター,130000,E000217,2025-01-21,フジヤマ電機  4Kプﾛジェｸﾀｰ【半額セール】,3,130000,390000,0.9955544349
P018,サクラ電器 加湿器 HX-50,15000,E000218,2025-02-22,サクラ電器 加湿器 HX50[半額セール],4,15000,60000,0.9882926284
P019,スノーテック ワイヤレスヘッドホン WH-1000XM4,90000,E000219,2025-03-23,スノーテック ワイヤレスヘッドホン WH-1000XM4（ネット）[閉店セール],5,90000,450000,0.9966193082
P020,フジヤマ電機 掃除機 MC-CL883,75000,E000220,2025-04-24,フジヤマ電機 掃除機 ｍｃ－ｃｌ８８３[期間限定],1,75000,75000,0.9941371275
P021,アオゾラ電機 ノンフロン冷蔵庫,85000,E000221,2025-05-25,アオゾラ電機  ノンフロン冷蔵庫[閉店セール],2,85000,170000,0.9914004182
P022,ミライ電機 ドラム式洗濯機,100000,E000222,2025-06-26,ドラム式洗濯機[半額セール],3,100000,300000,0.9999992721
P023,フジヤマ電機 エアコン CS-XE,95000,E000223,2025-07-27,フジヤマ電機 エアコン CS-XE（ネット）［期間限定］,4,95000,380000,0.9903765295
P024,スノーテック デジタルカメラ α7 III,200000,E000224,2025-08-28,スノーテック デジﾀﾙｶﾒﾗ α7 III（半額セール）,5,200000,1000000,0.9805178874
P092,スノーテック デジタル一眼レフ α7R IV,250000,E000224,2025-08-28,スノーテック デジﾀﾙｶﾒﾗ α7 III（半額セール）,5,200000,1000000,0.9189337488
P025,プリズム光学 EOS R6,230000,E000225,2025-09-01,プリズム光学  eos  r6（期間限定）,1,230000,230000,0.9563344612
P026,デジタルスカイ ノートパソコン FMV,80000,E000226,2025-10-02,デジタルスカイ ノートパソコン FMV［期間限定］,2,80000,160000,0.9840036304
P027,テクノスフィア ValueBook,85000,E000227,2025-11-03,テクノスフィア ValueBook（ネット）（半額セール）,3,85000,255000,0.9498421894
P028,クリスタルビジョン OM-D E-M10,120000,E000228,2025-12-04,OM-D E-M10[半額セール],4,120000,480000,0.93832047
P029,プリズム光学 PIXMA iX6820,25000,E000229,2025-01-05,プリズム光学  PIXMA  iX6820＜期間限定＞,5,25000,125000,0.9592504204
P030,プリントマスター エコタンク ET-2750,35000,E000230,2025-02-06,プリントマスター エコタンク et2750＜期間限定＞,1,35000,35000,0.9888778726
P031,オフィスプロ IM C200,40000,E000231,2025-03-07,オフィスプロ ＩＭ Ｃ２００（ﾈッﾄ）【閉店セール】,2,40000,80000,0.9524473388
P032,テクノセラミック DS-300,45000,E000232,2025-04-08,テクノセラミック DS-300［期間限定］,3,45000,135000,0.9902135101
P033,ゆきだるま食品 一杯きつねうどん,220,E000233,2025-05-09,ゆきだるま食品  一杯きつねうどん【閉店セール】,4,220,880,0.968929277
P034,クリアウォーター ゴールドプレミアム,500,E000234,2025-06-10,ゴールドプレミアム＜半額セール＞,5,500,2500,0.9999989013
P035,ヘルシー乳業 ヘルス1000,250,E000235,2025-07-11,ヘルシー乳業 ヘルス1000（ネット）＜半額セール＞,1,250,250,0.9836631925
P036,ホームキッチン カレールウ,300,E000236,2025-08-12,ホームキッチン カレールウ【半額セール】,2,300,600,0.9875054023
P037,まるまる食品 こだわり麺,250,E000237,2025-09-13,まるまる食品  こだわり麺（半額セール）,3,250,750,0.9786774148
P038,スマイル製菓 スティックチョコ,150,E000238,2025-10-14,スマイル製菓 スティックチョコ【閉店セール】,4,150,600,0.9431354253
P039,ドリーム製菓 プレミアムチョコ,180,E000239,2025-11-15,ドリーム製菓 プレミアムチョコ（ネット）【閉店セール】,5,180,900,0.9714955007
P040,クラシック食品 北国ラーメン,210,E000240,2025-12-16,北国ラーメン【期間限定】,1,210,210,0.9171270735
P041,フレッシュベジ トマトジュース,180,E000241,2025-01-17,フレッシュベジ  トマトジュース［期間限定］,2,180,360,0.9127725743
P042,ソフトケア やさしいケア,350,E000242,2025-02-18,ソフトケア やさしいケア[半額セール],3,350,1050,0.9490673089
P043,クリーンライフ クリーンウォッシュ洗剤,800,E000243,2025-03-19,クリーンライフ クリーンウォッシュ洗剤（ネット）【期間限定】,4,800,3200,0.9910426917
P044,ビューティーラボ フローラルシャンプー,1200,E000244,2025-04-20,ビューティーラボ フローラルシャンプー[閉店セール],5,1200,6000,0.9974032318
P045,ヘルスケアプラス リリーフシップ,400,E000245,2025-05-21,ヘルスケアプラス  リリーフシップ[半額セール],1,400,400,0.9854044804
P046,ケアファーム クールケア,500,E000246,2025-06-22,クールケア（半額セール）,2,500,1000,0.9999993336
P047,コスメラボ ハンドクリーム,700,E000247,2025-07-23,コスメラボ ハンドクリーム（ネット）【期間限定】,3,700,2100,0.9831995518
P006,ブルーウェーブ パワフル洗剤,800,E000248,2025-08-24,ブルーウェーブ やさしいケア 洗濯柔軟剤＜半額セール＞,4,300,1200,0.9109717532
P048,ブルーウェーブ やさしいケア 洗濯柔軟剤,300,E000248,2025-08-24,ブルーウェーブ やさしいケア 洗濯柔軟剤＜半額セール＞,4,300,1200,0.9751159871
P049,シンプルウェア ジーンズ,3000,E000249,2025-09-25,シンプルウェア  ジーンズ[半額セール],5,3000,15000,0.9705575169
P050,ナチュラルスタイル ウールブレンドコート,5000,E000250,2025-10-26,ナチュラルスタイル ウールブレンドコート＜半額セール＞,1,5000,5000,0.9911816451
P051,シンプルウェア スウェットパーカー,2500,E000251,2025-11-27,シンプルウェア スウェットパーカー（ネット）＜半額セール＞,2,2500,5000,0.9541609042
P052,ナチュラルスタイル リネンシャツ,2800,E000252,2025-12-28,ﾘﾈﾝｼャﾂ＜半額セール＞,3,2800,8400,0.9999988504
P053,シンプルウェア ストレッチジャケット,3500,E000253,2025-01-01,シンプルウェア  ストレッチジャケット[半額セール],4,3500,14000,0.9825637151
P054,ベーシックウェア Tシャツ,1200,E000254,2025-02-02,ベーシックウェア Tシャツ【期間限定】,5,1200,6000,0.9363006171
P055,ナチュラルスタイル シンプルワンピース,4000,E000255,2025-03-03,ナチュラルスタイル シンプルワンピース（ネット）＜期間限定＞,1,4000,4000,0.9914650984
P056,スカイライン文具 G2ジェルペン,150,E000256,2025-04-04,スカイライン文具 G2ジェルペン（半額セール）,2,150,300,0.9865623019
P057,ダイヤモンド文具 プロペンシル,120,E000257,2025-05-05,ダイヤモンド文具  プロペンシル【期間限定】,3,120,360,0.9812758883
P058,オフィスワーク スタディノート,200,E000258,2025-06-06,スタディノート[閉店セール],4,200,800,0.9999991373
P059,カラーライン ハイライター,180,E000259,2025-07-07,カラーライン ハイライター（ﾈッﾄ）（半額セール）,5,180,900,0.967998625
P060,グリーンペンシル クリア消しゴム,100,E000260,2025-08-08,グリーンペンシル クリア消しゴム［期間限定］,1,100,100,0.9768622432
P061,ペンマスター スムースジェル,180,E000261,2025-09-09,ペンマスター  スムースジェル【期間限定】,2,180,360,0.9214038924
P009,スカイライン文具 イレーサブルペン,100,E000262,2025-10-10,スカイライン文具 イレーサブルペン＜半額セール＞,3,130,390,0.9595169385
P062,スカイライン文具 イレーサブルペン,130,E000262,2025-10-10,スカイライン文具 イレーサブルペン＜半額セール＞,3,130,390,0.9770873042
P063,ペンマスター シャープペンシル,160,E000263,2025-11-11,ペンマスター シャープペンシル（ネット）[閉店セール],4,160,640,0.9785797448
P064,アート文具 ボールペン,150,E000264,2025-12-12,ボールペン［半額セール］,5,150,750,0.9999984995
P065,オフィスプラス カラーペンセット,250,E000265,2025-01-13,オフィスプラス  カラーペンセット（期間限定）,1,250,250,0.9862650178
P066,ワンダートイ トレインレール,2800,E000266,2025-02-14,ワンダートイ トレインレール＜半額セール＞,2,2800,5600,0.971259007
P067,ファンタジートイ デジペット,1200,E000267,2025-03-15,ファンタジートイ デジペット（ネット）［期間限定］,3,1200,3600,0.983707398
P068,ファンタジートイ マスクヒーローフィギュア,3200,E000268,2025-04-16,ファンタジートイ マスクヒーローフィギュア＜期間限定＞,4,3200,12800,0.9931237264
P072,ファンタジートイ メカロボットフィギュア,4000,E000268,2025-04-16,ファンタジートイ マスクヒーローフィギュア＜期間限定＞,4,3200,12800,0.9423503365
P069,ワンダートイ ミニカー,1500,E000269,2025-05-17,ワンダートイ  ミニカー＜期間限定＞,5,1500,7500,0.9460887794
P070,ファンタジートイ チェンジロボ,3500,E000270,2025-06-18,チェンジロボ【閉店セール】,1,3500,3500,1
P071,ファンタジートイ モンスターカード,500,E000271,2025-07-19,ファンタジートイ モンスターカード（ネット）[半額セール],2,500,1000,0.9834642632
P068,ファンタジートイ マスクヒーローフィギュア,3200,E000272,2025-08-20,ファンタジートイ メカロボットフィギュア【閉店セール】,3,4000,12000,0.9428417615
P072,ファンタジートイ メカロボットフィギュア,4000,E000272,2025-08-20,ファンタジートイ メカロボットフィギュア【閉店セール】,3,4000,12000,0.9952402497
P010,ワンダートイ ロボットフィギュア,3000,E000273,2025-09-21,ワンダートイ  ヒーローフィギュア【閉店セール】,4,3000,12000,0.9223968795
P073,ワンダートイ ヒーローフィギュア,3000,E000273,2025-09-21,ワンダートイ  ヒーローフィギュア【閉店セール】,4,3000,12000,0.9897247682
P074,ファンタジートイ ミニレーサー,2000,E000274,2025-10-22,ファンタジートイ ミニレーサー【期間限定】,5,2000,10000,0.9899000914
P075,スノーテック ワイヤレススピーカー SRS-XB12,8000,E000275,2025-11-23,スノーテック ワイヤレススピーカー ｓｒｓ－ｘｂ１２（ネット）＜半額セール＞,1,8000,8000,0.9954126405
P076,フジヤマ電機 ポータブルスピーカー,6000,E000276,2025-12-24,ポータブルスピーカー（半額セール）,2,6000,12000,1
P077,サクラ電器 スマートウォッチ,18000,E000277,2025-01-25,サクラ電器  スマートウォッチ[閉店セール],3,18000,54000,0.9759086662
P078,ミライ電機 デジタルサイネージ,95000,E000278,2025-02-26,ミライ電機 デジタルサイネージ【期間限定】,4,95000,380000,0.9836082691
P079,フジヤマ電機 電子レンジ,15000,E000279,2025-03-27,フジヤマ電機 電子レンジ（ネット）[閉店セール],5,15000,75000,0.9836256805
P080,スノーテック ブルーレイプレーヤー,12000,E000280,2025-04-28,スノーテック ブﾙｰﾚｲプﾚｰﾔｰ＜期間限定＞,1,12000,12000,0.9936178034
P081,グローバルビジョン LED55PRO,180000,E000281,2025-05-01,グローバルビジョン  LED55PRO【閉店セール】,2,180000,360000,0.9513857215
P082,アオゾラ電機 LEDテレビ 55型,70000,E000282,2025-06-02,LEDテレビ 55型＜半額セール＞,3,70000,210000,0.9945892334
P083,フジヤマ電機 冷蔵庫 NR-F603M,90000,E000283,2025-07-03,フジヤマ電機 冷蔵庫 NR-F603M（ネット）＜期間限定＞,4,90000,360000,0.9947924798
P084,サクラ電器 空気清浄機,22000,E000284,2025-08-04,サクラ電器 空気清浄機＜期間限定＞,5,22000,110000,0.9821866535
P085,ミライ電機 炊飯器 RZ-Mシリーズ,30000,E000285,2025-09-05,ミライ電機  炊飯器  rz-mシリーズ[半額セール],1,30000,30000,0.9927898624
P086,ヤマト IHクッキングヒーター,45000,E000286,2025-10-06,ヤマト ＩＨクッキングヒーター［半額セール］,2,45000,90000,0.995522123
P087,スノーテック ゲーム機 GAMESTATION5,50000,E000287,2025-11-07,スノーテック ゲｰﾑ機 GAMESTATION5（ﾈッﾄ）［半額セール］,3,50000,150000,0.9725880791
P088,ゲームワールド ポータブルゲーム,40000,E000288,2025-12-08,ポータブルゲーム【期間限定】,4,40000,160000,1
P089,グローバルゲーム ゲームボックスX,55000,E000289,2025-01-09,グローバルゲーム  ゲームボックスX【期間限定】,5,55000,275000,0.9521240729
P090,フジヤマ電機 ビエラ ブルーレイレコーダー,35000,E000290,2025-02-10,フジヤマ電機 ビエラ ブルーレイレコーダー［期間限定］,1,35000,35000,0.9877623517
P091,サクラ電器 スマートフォン CLEARSCREEN R6,70000,E000291,2025-03-11,サクラ電器 スマートフォン CLEARSCREEN R6（ネット）（半額セール）,2,70000,140000,0.9558921596
P024,スノーテック デジタルカメラ α7 III,200000,E000292,2025-04-12,スノーテック デジタル一眼レフ α7R IV＜半額セール＞,3,250000,750000,0.9190577193
P092,スノーテック デジタル一眼レフ α7R IV,250000,E000292,2025-04-12,スノーテック デジタル一眼レフ α7R IV＜半額セール＞,3,250000,750000,0.9568652149
P025,プリズム光学 EOS R6,230000,E000293,2025-05-13,プリズム光学  EOS  90D【半額セール】,4,150000,600000,0.9026886029
P093,プリズム光学 EOS 90D,150000,E000293,2025-05-13,プリズム光学  EOS  90D【半額セール】,4,150000,600000,0.9795182555
P094,レンズマスター X-T4,170000,E000294,2025-06-14,XT4【閉店セール】,5,170000,850000,0.9306461739
P095,クリスタルビジョン PEN-F,140000,E000295,2025-07-15,クリスタルビジョン pen-f（ネット）【期間限定】,1,140000,140000,0.9935537849
P096,ビジョンプロ Z6 II,200000,E000296,2025-08-16,ビジョンプロ Z6 II【期間限定】,2,200000,400000,0.9856253106
P097,プリズム光学 imagePROGRAF PRO-1000,300000,E000297,2025-09-17,プリズム光学  imagePROGRAF PRO-1000[閉店セール],3,300000,900000,0.9815974809
P098,プリントマスター スキャナー Perfection V39,25000,E000298,2025-10-18,プリントマスター スキャナー Perfection V39【半額セール】,4,25000,100000,0.9804135282
P099,オフィスプロ MP C4504,80000,E000299,2025-11-19,オフィスプロ MP C4504（ネット）【半額セール】,5,80000,400000,0.9662743724
P100,テクノセラミック TASKalfa 2552ci,250000,E000300,2025-12-20,taskalfa 2552ci＜期間限定＞,1,250000,250000,0.9690188511
P001,スノーテック CRYSTALVIEW KJ-55X9500G,150000,E000301,2025-01-21,スノーテック  CRYSTALVIEW  KJ-55X9500G（期間限定）,2,150000,300000,0.9933957303
P002,フジヤマ電機 VISIONMAX TH-55FX700M,120000,E000302,2025-02-22,フジヤマ電機 VISIONMAX TH55FX700M［期間限定］,3,120000,360000,0.9584075184
P003,サクラ電器 CLEARSCREEN 4T KJ-55X7000,110000,E000303,2025-03-23,サクラ電器 CLEARSCREEN 4T KJ-55X7000（ネット）［半額セール］,4,110000,440000,0.9810249405
P004,ゆきだるま食品 カップめん,200,E000304,2025-04-24,ゆきだるま食品 カップめん＜期間限定＞,5,200,1000,0.9767955246
P005,サファイア飲料 ゴールドビール,400,E000305,2025-05-25,サファイア飲料  ゴールドビール【期間限定】,1,400,400,0.9863252634
P006,ブルーウェーブ パワフル洗剤,800,E000306,2025-06-26,パワフル洗剤[期間限定],2,800,1600,0.9999993151
P007,シンプルウェア ウォームインナーシャツ,1500,E000307,2025-07-27,シンプルウェア ウォームインナーシャツ（ネット）［半額セール］,3,1500,4500,0.9898338252
P008,ナチュラルスタイル オーガニックコットンシャツ,2500,E000308,2025-08-28,ナチュラルスタイル ｵｰガﾆッｸｺッﾄﾝｼャﾂ[閉店セール],4,2500,10000,0.9939840879
P052,ナチュラルスタイル リネンシャツ,2800,E000308,2025-08-28,ナチュラルスタイル ｵｰガﾆッｸｺッﾄﾝｼャﾂ[閉店セール],4,2500,10000,0.924915234
P009,スカイライン文具 イレーサブルペン,100,E000309,2025-09-01,スカイライン文具  イレーサブルペン【閉店セール】,5,100,500,0.9748883088
P062,スカイライン文具 イレーサブルペン,130,E000309,2025-09-01,スカイライン文具  イレーサブルペン【閉店セール】,5,100,500,0.9595338949
P010,ワンダートイ ロボットフィギュア,3000,E000310,2025-10-02,ワンダートイ ロボットフィギュア［期間限定］,1,3000,3000,0.9843160207
P073,ワンダートイ ヒーローフィギュア,3000,E000310,2025-10-02,ワンダートイ ロボットフィギュア［期間限定］,1,3000,3000,0.9230582412
P011,アオゾラ電機 BRIGHTVIEW 43S32,70000,E000311,2025-11-03,アオゾラ電機 BRIGHTVIEW 43S32（ネット）【閉店セール】,2,70000,140000,0.9921981345
P012,サンシャイン製菓 ミルクチョコ,150,E000312,2025-12-04,ミルクチョコ（半額セール）,3,150,450,0.9999993953
P039,ドリーム製菓 プレミアムチョコ,180,E000312,2025-12-04,ミルクチョコ（半額セール）,3,150,450,0.9080386986
P013,フレッシュケア ソフティーナ,500,E000313,2025-01-05,フレッシュケア  ソフティーナ【半額セール】,4,500,2000,0.9764513943
P014,ヤマトエアコン MSZ-GV3519,90000,E000314,2025-02-06,ヤマトエアコン MSZGV3519【期間限定】,5,90000,450000,0.9755684235
P015,ハッピースイーツ チョコパイ,300,E000315,2025-03-07,ハッピースイーツ チョコパイ（ﾈッﾄ）＜半額セール＞,1,300,300,0.9740093451
P016,ミライ電機 4Kスマートテレビ,80000,E000316,2025-04-08,ミライ電機 4Kスマートテレビ[半額セール],2,80000,160000,0.9974750782
P017,フジヤマ電機 4Kプロジェクター,130000,E000317,2025-05-09,フジヤマ電機  4Kプロジェクター＜期間限定＞,3,130000,390000,0.9955544349
P018,サクラ電器 加湿器 HX-50,15000,E000318,2025-06-10,加湿器 HX50【閉店セール】,4,15000,60000,0.9917124321
P019,スノーテック ワイヤレスヘッドホン WH-1000XM4,90000,E000319,2025-07-11,スノーテック ワイヤレスヘッドホン ＷＨ－１０００ＸＭ４（ネット）（期間限定）,5,90000,450000,0.9966193082
P020,フジヤマ電機 掃除機 MC-CL883,75000,E000320,2025-08-12,フジヤマ電機 掃除機 mc-cl883＜期間限定＞,1,75000,75000,0.9941371275
P021,アオゾラ電機 ノンフロン冷蔵庫,85000,E000321,2025-09-13,アオゾラ電機  ノンフロン冷蔵庫【期間限定】,2,85000,170000,0.9913768486
P022,ミライ電機 ドラム式洗濯機,100000,E000322,2025-10-14,ミライ電機 ドﾗﾑ式洗濯機＜期間限定＞,3,100000,300000,0.9877049936
P023,フジヤマ電機 エアコン CS-XE,95000,E000323,2025-11-15,フジヤマ電機 エアコン CS-XE（ネット）［期間限定］,4,95000,380000,0.9903685119
P024,スノーテック デジタルカメラ α7 III,200000,E000324,2025-12-16,デジタルカメラ α7 III（期間限定）,5,200000,1000000,0.9787979206
P092,スノーテック デジタル一眼レフ α7R IV,250000,E000324,2025-12-16,デジタルカメラ α7 III（期間限定）,5,200000,1000000,0.9101194531
P025,プリズム光学 EOS R6,230000,E000325,2025-01-17,プリズム光学  eos  r6[期間限定],1,230000,230000,0.9563540401
P026,デジタルスカイ ノートパソコン FMV,80000,E000326,2025-02-18,デジタルスカイ ノートパソコン FMV［半額セール］,2,80000,160000,0.9840013343
P027,テクノスフィア ValueBook,85000,E000327,2025-03-19,テクノスフィア ValueBook（ネット）［期間限定］,3,85000,255000,0.9497981908
P028,クリスタルビジョン OM-D E-M10,120000,E000328,2025-04-20,クリスタルビジョン OM-D E-M10（期間限定）,4,120000,480000,0.9600980028
P029,プリズム光学 PIXMA iX6820,25000,E000329,2025-05-21,プリズム光学  PIXMA  iX6820＜期間限定＞,5,25000,125000,0.9592148683
P030,プリントマスター エコタンク ET-2750,35000,E000330,2025-06-22,エコタンク ｅｔ２７５０［期間限定］,1,35000,35000,0.9882957642
P031,オフィスプロ IM C200,40000,E000331,2025-07-23,オフィスプロ IM C200（ネット）［半額セール］,2,40000,80000,0.9524450231
P032,テクノセラミック DS-300,45000,E000332,2025-08-24,テクノセラミック DS-300【期間限定】,3,45000,135000,0.9902083063
P033,ゆきだるま食品 一杯きつねうどん,220,E000333,2025-09-25,ゆきだるま食品  一杯きつねうどん＜半額セール＞,4,220,880,0.9689082116
P034,クリアウォーター ゴールドプレミアム,500,E000334,2025-10-26,クリアウォーター ゴールドプレミアム[半額セール],5,500,2500,0.9748863657
P035,ヘルシー乳業 ヘルス1000,250,E000335,2025-11-27,ヘルシー乳業 ヘルス1000（ネット）[半額セール],1,250,250,0.9835514524
P036,ホームキッチン カレールウ,300,E000336,2025-12-28,ｶﾚｰﾙｳ［期間限定］,2,300,600,0.9999989613
P037,まるまる食品 こだわり麺,250,E000337,2025-01-01,まるまる食品  こだわり麺＜半額セール＞,3,250,750,0.9786929003
P038,スマイル製菓 スティックチョコ,150,E000338,2025-02-02,スマイル製菓 スティックチョコ【閉店セール】,4,150,600,0.9431192852
P039,ドリーム製菓 プレミアムチョコ,180,E000339,2025-03-03,ドリーム製菓 プレミアムチョコ（ネット）[閉店セール],5,180,900,0.9715188304
P040,クラシック食品 北国ラーメン,210,E000340,2025-04-04,クラシック食品 北国ラーメン［半額セール］,1,210,210,0.9784041803
P041,フレッシュベジ トマトジュース,180,E000341,2025-05-05,フレッシュベジ  トマトジュース［期間限定］,2,180,360,0.9126875943
P042,ソフトケア やさしいケア,350,E000342,2025-06-06,やさしいケア＜期間限定＞,3,350,1050,0.9999990893
P043,クリーンライフ クリーンウォッシュ洗剤,800,E000343,2025-07-07,クリーンライフ クリーンウォッシュ洗剤（ﾈッﾄ）［半額セール］,4,800,3200,0.9910396588
P044,ビューティーラボ フローラルシャンプー,1200,E000344,2025-08-08,ビューティーラボ フローラルシャンプー（期間限定）,5,1200,6000,0.9974042833
P045,ヘルスケアプラス リリーフシップ,400,E000345,2025-09-09,ヘルスケアプラス  リリーフシップ[期間限定],1,400,400,0.98541988
P046,ケアファーム クールケア,500,E000346,2025-10-10,ケアファーム クールケア［半額セール］,2,500,1000,0.9881892887
P047,コスメラボ ハンドクリーム,700,E000347,2025-11-11,コスメラボ ハンドクリーム（ネット）＜半額セール＞,3,700,2100,0.9832328928
P048,ブルーウェーブ やさしいケア 洗濯柔軟剤,300,E000348,2025-12-12,やさしいケア 洗濯柔軟剤（半額セール）,4,300,1200,0.9866505805
P049,シンプルウェア ジーンズ,3000,E000349,2025-01-13,シンプルウェア  ジーンズ＜期間限定＞,5,3000,15000,0.970491369
P050,ナチュラルスタイル ウールブレンドコート,5000,E000350,2025-02-14,ナチュラルスタイル ｳｰﾙブﾚﾝドｺｰﾄ[閉店セール],1,5000,5000,0.9911705353
P051,シンプルウェア スウェットパーカー,2500,E000351,2025-03-15,シンプルウェア スウェットパーカー（ネット）[期間限定],2,2500,5000,0.9541379051
P008,ナチュラルスタイル オーガニックコットンシャツ,2500,E000352,2025-04-16,ナチュラルスタイル リネンシャツ【半額セール】,3,2800,8400,0.9213284669
P052,ナチュラルスタイル リネンシャツ,2800,E000352,2025-04-16,ナチュラルスタイル リネンシャツ【半額セール】,3,2800,8400,0.9918182542
P053,シンプルウェア ストレッチジャケット,3500,E000353,2025-05-17,シンプルウェア  ストレッチジャケット［期間限定］,4,3500,14000,0.9826209999
P054,ベーシックウェア Tシャツ,1200,E000354,2025-06-18,Tシャツ（期間限定）,5,1200,6000,0.99999936
P055,ナチュラルスタイル シンプルワンピース,4000,E000355,2025-07-19,ナチュラルスタイル シンプルワンピース（ネット）【閉店セール】,1,4000,4000,0.991487816
P056,スカイライン文具 G2ジェルペン,150,E000356,2025-08-20,スカイライン文具 G2ジェルペン［半額セール］,2,150,300,0.9865971547
P057,ダイヤモンド文具 プロペンシル,120,E000357,2025-09-21,ダイヤモンド文具  プロペンシル【期間限定】,3,120,360,0.9812758883
P058,オフィスワーク スタディノート,200,E000358,2025-10-22,オフィスワーク スタディノート＜期間限定＞,4,200,800,0.9819036808
P059,カラーライン ハイライター,180,E000359,2025-11-23,カラーライン ハイライター（ネット）[期間限定],5,180,900,0.967998625
P060,グリーンペンシル クリア消しゴム,100,E000360,2025-12-24,クリア消しゴム（半額セール）,1,100,100,0.9999988515
P061,ペンマスター スムースジェル,180,E000361,2025-01-25,ペンマスター  スムースジェル（期間限定）,2,180,360,0.9214038924
P009,スカイライン文具 イレーサブルペン,100,E000362,2025-02-26,スカイライン文具 イレーサブルペン【半額セール】,3,130,390,0.9595169385
P062,スカイライン文具 イレーサブルペン,130,E000362,2025-02-26,スカイライン文具 イレーサブルペン【半額セール】,3,130,390,0.9770873042
P063,ペンマスター シャープペンシル,160,E000363,2025-03-27,ペンマスター シャープペンシル（ネット）[閉店セール],4,160,640,0.9785797448
P064,アート文具 ボールペン,150,E000364,2025-04-28,アート文具 ボｰﾙペﾝ（半額セール）,5,150,750,0.980173214
P065,オフィスプラス カラーペンセット,250,E000365,2025-05-01,オフィスプラス  カラーペンセット[半額セール],1,250,250,0.9862650178
P066,ワンダートイ トレインレール,2800,E000366,2025-06-02,トレインレール＜半額セール＞,2,2800,5600,1
P067,ファンタジートイ デジペット,1200,E000367,2025-07-03,ファンタジートイ デジペット（ネット）[閉店セール],3,1200,3600,0.983707398
P068,ファンタジートイ マスクヒーローフィギュア,3200,E000368,2025-08-04,ファンタジートイ マスクヒーローフィギュア[半額セール],4,3200,12800,0.9931237264
P072,ファンタジートイ メカロボットフィギュア,4000,E000368,2025-08-04,ファンタジートイ マスクヒーローフィギュア[半額セール],4,3200,12800,0.9423503365
P069,ワンダートイ ミニカー,1500,E000369,2025-09-05,ワンダートイ  ミニカー[期間限定],5,1500,7500,0.9460887794
P070,ファンタジートイ チェンジロボ,3500,E000370,2025-10-06,ファンタジートイ チェンジロボ＜期間限定＞,1,3500,3500,0.977468696
P071,ファンタジートイ モンスターカード,500,E000371,2025-11-07,ファンタジートイ モンスターカード（ﾈッﾄ）【閉店セール】,2,500,1000,0.9834642632
P010,ワンダートイ ロボットフィギュア,3000,E000372,2025-12-08,メカロボットフィギュア【期間限定】,3,4000,12000,0.9027232329
P068,ファンタジートイ マスクヒーローフィギュア,3200,E000372,2025-12-08,メカロボットフィギュア【期間限定】,3,4000,12000,0.9267350354
P072,ファンタジートイ メカロボットフィギュア,4000,E000372,2025-12-08,メカロボットフィギュア【期間限定】,3,4000,12000,1
P073,ワンダートイ ヒーローフィギュア,3000,E000372,2025-12-08,メカロボットフィギュア【期間限定】,3,4000,12000,0.9006000176
P010,ワンダートイ ロボットフィギュア,3000,E000373,2025-01-09,ワンダートイ  ヒーローフィギュア［半額セール］,4,3000,12000,0.9223968795
P073,ワンダートイ ヒーローフィギュア,3000,E000373,2025-01-09,ワンダートイ  ヒーローフィギュア［半額セール］,4,3000,12000,0.9897247682
P074,ファンタジートイ ミニレーサー,2000,E000374,2025-02-10,ファンタジートイ ミニレーサー[期間限定],5,2000,10000,0.9899000914
P075,スノーテック ワイヤレススピーカー SRS-XB12,8000,E000375,2025-03-11,スノーテック ワイヤレススピーカー srs-xb12（ネット）（半額セール）,1,8000,8000,0.9954126405
P076,フジヤマ電機 ポータブルスピーカー,6000,E000376,2025-04-12,フジヤマ電機 ポータブルスピーカー【閉店セール】,2,6000,12000,0.9879985376
P077,サクラ電器 スマートウォッチ,18000,E000377,2025-05-13,サクラ電器  スマートウォッチ＜半額セール＞,3,18000,54000,0.9759086662
P078,ミライ電機 デジタルサイネージ,95000,E000378,2025-06-14,デジﾀﾙｻｲﾈｰジ（半額セール）,4,95000,380000,1
P079,フジヤマ電機 電子レンジ,15000,E000379,2025-07-15,フジヤマ電機 電子レンジ（ネット）［半額セール］,5,15000,75000,0.9836256805
P080,スノーテック ブルーレイプレーヤー,12000,E000380,2025-08-16,スノーテック ブルーレイプレーヤー[閉店セール],1,12000,12000,0.9936178034
P081,グローバルビジョン LED55PRO,180000,E000381,2025-09-17,グローバルビジョン  LED55PRO＜半額セール＞,2,180000,360000,0.9513857215
P082,アオゾラ電機 LEDテレビ 55型,70000,E000382,2025-10-18,アオゾラ電機 LEDテレビ 55型[期間限定],3,70000,210000,0.9937699328
P083,フジヤマ電機 冷蔵庫 NR-F603M,90000,E000383,2025-11-19,フジヤマ電機 冷蔵庫 NR-F603M（ネット）（期間限定）,4,90000,360000,0.9947924798
P084,サクラ電器 空気清浄機,22000,E000384,2025-12-20,空気清浄機（半額セール）,5,22000,110000,1
P085,ミライ電機 炊飯器 RZ-Mシリーズ,30000,E000385,2025-01-21,ミライ電機  炊飯器  ｒｚ－ｍｼﾘｰズ＜半額セール＞,1,30000,30000,0.9927871262
P086,ヤマト IHクッキングヒーター,45000,E000386,2025-02-22,ヤマト IHクッキングヒーター＜期間限定＞,2,45000,90000,0.9955230582
P087,スノーテック ゲーム機 GAMESTATION5,50000,E000387,2025-03-23,スノーテック ゲーム機 GAMESTATION5（ネット）（期間限定）,3,50000,150000,0.9725828721
P088,ゲームワールド ポータブルゲーム,40000,E000388,2025-04-24,ゲームワールド ポータブルゲーム［期間限定］,4,40000,160000,0.9953227999
P089,グローバルゲーム ゲームボックスX,55000,E000389,2025-05-25,グローバルゲーム  ゲームボックスX＜半額セール＞,5,55000,275000,0.9521460843
P090,フジヤマ電機 ビエラ ブルーレイレコーダー,35000,E000390,2025-06-26,ビエラ ブルーレイレコーダー[期間限定],1,35000,35000,0.9867766571
P091,サクラ電器 スマートフォン CLEARSCREEN R6,70000,E000391,2025-07-27,サクラ電器 スマートフォン CLEARSCREEN R6（ネット）[半額セール],2,70000,140000,0.9559145488
P024,スノーテック デジタルカメラ α7 III,200000,E000392,2025-08-28,スノーテック デジﾀﾙ一眼ﾚﾌ α7R IV＜半額セール＞,3,250000,750000,0.919052909
P092,スノーテック デジタル一眼レフ α7R IV,250000,E000392,2025-08-28,スノーテック デジﾀﾙ一眼ﾚﾌ α7R IV＜半額セール＞,3,250000,750000,0.9568578858
P025,プリズム光学 EOS R6,230000,E000393,2025-09-01,プリズム光学  EOS  90D＜期間限定＞,4,150000,600000,0.9026270039
P093,プリズム光学 EOS 90D,150000,E000393,2025-09-01,プリズム光学  EOS  90D＜期間限定＞,4,150000,600000,0.9794857657
P094,レンズマスター X-T4,170000,E000394,2025-10-02,レンズマスター XT4［期間限定］,5,170000,850000,0.9665198816
P095,クリスタルビジョン PEN-F,140000,E000395,2025-11-03,クリスタルビジョン pen-f（ネット）【閉店セール】,1,140000,140000,0.993544399
P096,ビジョンプロ Z6 II,200000,E000396,2025-12-04,Ｚ６ ＩＩ[半額セール],2,200000,400000,0.9743271453
P097,プリズム光学 imagePROGRAF PRO-1000,300000,E000397,2025-01-05,プリズム光学  imagePROGRAF  PRO-1000（半額セール）,3,300000,900000,0.9815471733
P098,プリントマスター スキャナー Perfection V39,25000,E000398,2025-02-06,プリントマスター スキャナー Perfection V39＜半額セール＞,4,25000,100000,0.9804272066
P099,オフィスプロ MP C4504,80000,E000399,2025-03-07,オフィスプロ MP C4504（ﾈッﾄ）【期間限定】,5,80000,400000,0.9662052667
P100,テクノセラミック TASKalfa 2552ci,250000,E000400,2025-04-08,テクノセラミック taskalfa 2552ci[半額セール],1,250000,250000,0.9748156551
P001,スノーテック CRYSTALVIEW KJ-55X9500G,150000,E000401,2025-05-09,スノーテック  CRYSTALVIEW  KJ-55X9500G＜期間限定＞,2,150000,300000,0.9934140473
P002,フジヤマ電機 VISIONMAX TH-55FX700M,120000,E000402,2025-06-10,VISIONMAX TH55FX700M【閉店セール】,3,120000,360000,0.9282537937
P003,サクラ電器 CLEARSCREEN 4T KJ-55X7000,110000,E000403,2025-07-11,サクラ電器 CLEARSCREEN 4T KJ-55X7000（ネット）［半額セール］,4,110000,440000,0.9810262036
P004,ゆきだるま食品 カップめん,200,E000404,2025-08-12,ゆきだるま食品 カップめん[半額セール],5,200,1000,0.9767740392
P005,サファイア飲料 ゴールドビール,400,E000405,2025-09-13,サファイア飲料  ゴールドビール＜期間限定＞,1,400,400,0.9863294324
P006,ブルーウェーブ パワフル洗剤,800,E000406,2025-10-14,ブルーウェーブ パワフル洗剤＜期間限定＞,2,800,1600,0.9846276798
P007,シンプルウェア ウォームインナーシャツ,1500,E000407,2025-11-15,シンプルウェア ウォームインナーシャツ（ネット）【半額セール】,3,1500,4500,0.9898247577
P008,ナチュラルスタイル オーガニックコットンシャツ,2500,E000408,2025-12-16,オーガニックコットンシャツ（期間限定）,4,2500,10000,0.9999995025
P009,スカイライン文具 イレーサブルペン,100,E000409,2025-01-17,スカイライン文具  イレーサブルペン[半額セール],5,100,500,0.9749221461
P062,スカイライン文具 イレーサブルペン,130,E000409,2025-01-17,スカイライン文具  イレーサブルペン[半額セール],5,100,500,0.9595877156
P010,ワンダートイ ロボットフィギュア,3000,E000410,2025-02-18,ワンダートイ ロボットフィギュア【半額セール】,1,3000,3000,0.9842984305
P073,ワンダートイ ヒーローフィギュア,3000,E000410,2025-02-18,ワンダートイ ロボットフィギュア【半額セール】,1,3000,3000,0.9230375525
P011,アオゾラ電機 BRIGHTVIEW 43S32,70000,E000411,2025-03-19,アオゾラ電機 BRIGHTVIEW 43S32（ネット）【閉店セール】,2,70000,140000,0.9921915521
P012,サンシャイン製菓 ミルクチョコ,150,E000412,2025-04-20,サンシャイン製菓 ミルクチョコ＜期間限定＞,3,150,450,0.9755737793
P013,フレッシュケア ソフティーナ,500,E000413,2025-05-21,フレッシュケア  ソフティーナ[半額セール],4,500,2000,0.9764549918
P014,ヤマトエアコン MSZ-GV3519,90000,E000414,2025-06-22,MSZGV3519【半額セール】,5,90000,450000,0.9129672452
P015,ハッピースイーツ チョコパイ,300,E000415,2025-07-23,ハッピースイーツ チョコパイ（ネット）【閉店セール】,1,300,300,0.9740228018
P016,ミライ電機 4Kスマートテレビ,80000,E000416,2025-08-24,ミライ電機 4Kスマートテレビ（半額セール）,2,80000,160000,0.9974796223
P017,フジヤマ電機 4Kプロジェクター,130000,E000417,2025-09-25,フジヤマ電機  4Kプロジェクター[閉店セール],3,130000,390000,0.9955548759
P018,サクラ電器 加湿器 HX-50,15000,E000418,2025-10-26,サクラ電器 加湿器 ＨＸ５０【期間限定】,4,15000,60000,0.9882980133
P019,スノーテック ワイヤレスヘッドホン WH-1000XM4,90000,E000419,2025-11-27,スノーテック ワイヤレスヘッドホン WH-1000XM4（ネット）[半額セール],5,90000,450000,0.996627505
P020,フジヤマ電機 掃除機 MC-CL883,75000,E000420,2025-12-28,掃除機 mc-cl883＜期間限定＞,1,75000,75000,0.9961096739
P021,アオゾラ電機 ノンフロン冷蔵庫,85000,E000421,2025-01-01,アオゾラ電機  ノンフロン冷蔵庫[半額セール],2,85000,170000,0.9913735708
P022,ミライ電機 ドラム式洗濯機,100000,E000422,2025-02-02,ミライ電機 ドラム式洗濯機＜期間限定＞,3,100000,300000,0.9877143006
P023,フジヤマ電機 エアコン CS-XE,95000,E000423,2025-03-03,フジヤマ電機 エアコン CS-XE（ネット）[期間限定],4,95000,380000,0.9903691028
P024,スノーテック デジタルカメラ α7 III,200000,E000424,2025-04-04,スノーテック デジタルカメラ α7 III【期間限定】,5,200000,1000000,0.9805217606
P092,スノーテック デジタル一眼レフ α7R IV,250000,E000424,2025-04-04,スノーテック デジタルカメラ α7 III【期間限定】,5,200000,1000000,0.9189457243
P025,プリズム光学 EOS R6,230000,E000425,2025-05-05,プリズム光学  eos  r6[期間限定],1,230000,230000,0.9563683821
P026,デジタルスカイ ノートパソコン FMV,80000,E000426,2025-06-06,ノートパソコン FMV＜期間限定＞,2,80000,160000,0.9910373898
P027,テクノスフィア ValueBook,85000,E000427,2025-07-07,テクノスフィア ValueBook（ﾈッﾄ）＜半額セール＞,3,85000,255000,0.9497668503
P028,クリスタルビジョン OM-D E-M10,120000,E000428,2025-08-08,クリスタルビジョン OM-D E-M10［半額セール］,4,120000,480000,0.9601044753
P029,プリズム光学 PIXMA iX6820,25000,E000429,2025-09-09,プリズム光学  ＰＩＸＭＡ  ｉＸ６８２０＜期間限定＞,5,25000,125000,0.959245821
P030,プリントマスター エコタンク ET-2750,35000,E000430,2025-10-10,プリントマスター エコタンク et2750（半額セール）,1,35000,35000,0.9888678705
P031,オフィスプロ IM C200,40000,E000431,2025-11-11,オフィスプロ IM C200（ネット）[半額セール],2,40000,80000,0.9524252188
P032,テクノセラミック DS-300,45000,E000432,2025-12-12,DS-300[閉店セール],3,45000,135000,0.999999072
P033,ゆきだるま食品 一杯きつねうどん,220,E000433,2025-01-13,ゆきだるま食品  一杯きつねうどん【閉店セール】,4,220,880,0.9689410745
P034,クリアウォーター ゴールドプレミアム,500,E000434,2025-02-14,クリアウォーター ザ・プﾚﾐｱﾑﾓﾙﾂ（半額セール）,5,500,2500,0.974848134
P035,ヘルシー乳業 ヘルス1000,250,E000435,2025-03-15,ヘルシー乳業 ヘルス1000（ネット）＜期間限定＞,1,250,250,0.9835514687
P036,ホームキッチン カレールウ,300,E000436,2025-04-16,ホームキッチン カレールウ【閉店セール】,2,300,600,0.9875022183
P037,まるまる食品 こだわり麺,250,E000437,2025-05-17,まるまる食品  こだわり麺【期間限定】,3,250,750,0.9787079074
P038,スマイル製菓 スティックチョコ,150,E000438,2025-06-18,スティックチョコ【閉店セール】,4,150,600,0.9999991345
P039,ドリーム製菓 プレミアムチョコ,180,E000439,2025-07-19,ドリーム製菓 プレミアムチョコ（ネット）［半額セール］,5,180,900,0.971515993
P040,クラシック食品 北国ラーメン,210,E000440,2025-08-20,クラシック食品 北国ラーメン（期間限定）,1,210,210,0.9783692895
P041,フレッシュベジ トマトジュース,180,E000441,2025-09-21,フレッシュベジ  ﾄﾏﾄジュｰｽ（期間限定）,2,180,360,0.9128001967
P042,ソフトケア やさしいケア,350,E000442,2025-10-22,ソフトケア やさしいケア＜期間限定＞,3,350,1050,0.9490365219
P043,クリーンライフ クリーンウォッシュ洗剤,800,E000443,2025-11-23,クリーンライフ クリーンウォッシュ洗剤（ネット）[半額セール],4,800,3200,0.9910485306
P044,ビューティーラボ フローラルシャンプー,1200,E000444,2025-12-24,フローラルシャンプー[期間限定],5,1200,6000,0.9999994271
P045,ヘルスケアプラス リリーフシップ,400,E000445,2025-01-25,ヘルスケアプラス  リリーフシップ【閉店セール】,1,400,400,0.9854196887
P046,ケアファーム クールケア,500,E000446,2025-02-26,ケアファーム クールケア【閉店セール】,2,500,1000,0.9881892343
P047,コスメラボ ハンドクリーム,700,E000447,2025-03-27,コスメラボ ハンドクリーム（ネット）【半額セール】,3,700,2100,0.983211676
P006,ブルーウェーブ パワフル洗剤,800,E000448,2025-04-28,ブルーウェーブ やさしいケア 洗濯柔軟剤＜半額セール＞,4,300,1200,0.9109531029
P048,ブルーウェーブ やさしいケア 洗濯柔軟剤,300,E000448,2025-04-28,ブルーウェーブ やさしいケア 洗濯柔軟剤＜半額セール＞,4,300,1200,0.9750825424
P049,シンプルウェア ジーンズ,3000,E000449,2025-05-01,シンプルウェア  ジーンズ【半額セール】,5,3000,15000,0.970491369
P050,ナチュラルスタイル ウールブレンドコート,5000,E000450,2025-06-02,ウールブレンドコート＜半額セール＞,1,5000,5000,0.9999989123
P051,シンプルウェア スウェットパーカー,2500,E000451,2025-07-03,シンプルウェア スウェットパーカー（ネット）[半額セール],2,2500,5000,0.9541379051
P008,ナチュラルスタイル オーガニックコットンシャツ,2500,E000452,2025-08-04,ナチュラルスタイル リネンシャツ【半額セール】,3,2800,8400,0.9213284669
P052,ナチュラルスタイル リネンシャツ,2800,E000452,2025-08-04,ナチュラルスタイル リネンシャツ【半額セール】,3,2800,8400,0.9918182542
P053,シンプルウェア ストレッチジャケット,3500,E000453,2025-09-05,シンプルウェア  ストレッチジャケット＜期間限定＞,4,3500,14000,0.9826209999
P054,ベーシックウェア Tシャツ,1200,E000454,2025-10-06,ベーシックウェア Tシャツ＜期間限定＞,5,1200,6000,0.9361308506
P055,ナチュラルスタイル シンプルワンピース,4000,E000455,2025-11-07,ナチュラルスタイル ｼﾝプﾙﾜﾝピｰｽ（ﾈッﾄ）（期間限定）,1,4000,4000,0.991487816
P056,スカイライン文具 G2ジェルペン,150,E000456,2025-12-08,G2ジェルペン[閉店セール],2,150,300,0.9701303292
P057,ダイヤモンド文具 プロペンシル,120,E000457,2025-01-09,ダイヤモンド文具  プロペンシル【期間限定】,3,120,360,0.9812758883
P058,オフィスワーク スタディノート,200,E000458,2025-02-10,オフィスワーク スタディノート（半額セール）,4,200,800,0.9819036808
P059,カラーライン ハイライター,180,E000459,2025-03-11,カラーライン ハイライター（ネット）＜半額セール＞,5,180,900,0.967998625
P060,グリーンペンシル クリア消しゴム,100,E000460,2025-04-12,グリーンペンシル クリア消しゴム[閉店セール],1,100,100,0.9768622432
P061,ペンマスター スムースジェル,180,E000461,2025-05-13,ペンマスター  スムースジェル[期間限定],2,180,360,0.9214038924
P009,スカイライン文具 イレーサブルペン,100,E000462,2025-06-14,イレーサブルペン＜期間限定＞,3,130,390,0.9690247528
P062,スカイライン文具 イレーサブルペン,130,E000462,2025-06-14,イレーサブルペン＜期間限定＞,3,130,390,0.9999980276
P063,ペンマスター シャープペンシル,160,E000463,2025-07-15,ペンマスター シャープペンシル（ネット）［半額セール］,4,160,640,0.9785797448
P064,アート文具 ボールペン,150,E000464,2025-08-16,アート文具 ボールペン【半額セール】,5,150,750,0.980173214
P065,オフィスプラス カラーペンセット,250,E000465,2025-09-17,オフィスプラス  カラーペンセット＜半額セール＞,1,250,250,0.9862650178
P066,ワンダートイ トレインレール,2800,E000466,2025-10-18,ワンダートイ トレインレール【閉店セール】,2,2800,5600,0.971259007
P067,ファンタジートイ デジペット,1200,E000467,2025-11-19,ファンタジートイ デジペット（ネット）＜半額セール＞,3,1200,3600,0.983707398
P068,ファンタジートイ マスクヒーローフィギュア,3200,E000468,2025-12-20,マスクヒーローフィギュア＜半額セール＞,4,3200,12800,1
P072,ファンタジートイ メカロボットフィギュア,4000,E000468,2025-12-20,マスクヒーローフィギュア＜半額セール＞,4,3200,12800,0.9267350354
P069,ワンダートイ ミニカー,1500,E000469,2025-01-21,ワンダートイ  ミニカー[閉店セール],5,1500,7500,0.9460887794
P070,ファンタジートイ チェンジロボ,3500,E000470,2025-02-22,ファンタジートイ チェンジロボ[半額セール],1,3500,3500,0.977468696
P071,ファンタジートイ モンスターカード,500,E000471,2025-03-23,ファンタジートイ モンスターカード（ネット）[閉店セール],2,500,1000,0.9834642632
P068,ファンタジートイ マスクヒーローフィギュア,3200,E000472,2025-04-24,ファンタジートイ メカロボットフィギュア[閉店セール],3,4000,12000,0.9428417615
P072,ファンタジートイ メカロボットフィギュア,4000,E000472,2025-04-24,ファンタジートイ メカロボットフィギュア[閉店セール],3,4000,12000,0.9952402497
P010,ワンダートイ ロボットフィギュア,3000,E000473,2025-05-25,ワンダートイ  ヒーローフィギュア[閉店セール],4,3000,12000,0.9223968795
P073,ワンダートイ ヒーローフィギュア,3000,E000473,2025-05-25,ワンダートイ  ヒーローフィギュア[閉店セール],4,3000,12000,0.9897247682
P074,ファンタジートイ ミニレーサー,2000,E000474,2025-06-26,ミニレーサー[閉店セール],5,2000,10000,1
P075,スノーテック ワイヤレススピーカー SRS-XB12,8000,E000475,2025-07-27,スノーテック ワイヤレススピーカー srs-xb12（ネット）（期間限定）,1,8000,8000,0.9954126405
P076,フジヤマ電機 ポータブルスピーカー,6000,E000476,2025-08-28,フジヤマ電機 ポｰﾀブﾙｽピｰｶｰ［期間限定］,2,6000,12000,0.9879985376
P077,サクラ電器 スマートウォッチ,18000,E000477,2025-09-01,サクラ電器  スマートウォッチ[期間限定],3,18000,54000,0.9759086662
P078,ミライ電機 デジタルサイネージ,95000,E000478,2025-10-02,ミライ電機 デジタルサイネージ（半額セール）,4,95000,380000,0.9836082691
P079,フジヤマ電機 電子レンジ,15000,E000479,2025-11-03,フジヤマ電機 電子レンジ（ネット）＜半額セール＞,5,15000,75000,0.9836256805
P080,スノーテック ブルーレイプレーヤー,12000,E000480,2025-12-04,ブルーレイプレーヤー[閉店セール],1,12000,12000,1
P081,グローバルビジョン LED55PRO,180000,E000481,2025-01-05,グローバルビジョン  LED55PRO［半額セール］,2,180000,360000,0.9513603714
P082,アオゾラ電機 LEDテレビ 55型,70000,E000482,2025-02-06,アオゾラ電機 LEDテレビ 55型（半額セール）,3,70000,210000,0.9937682723
P083,フジヤマ電機 冷蔵庫 NR-F603M,90000,E000483,2025-03-07,フジヤマ電機 冷蔵庫 NR-F603M（ﾈッﾄ）[期間限定],4,90000,360000,0.9947984412
P084,サクラ電器 空気清浄機,22000,E000484,2025-04-08,サクラ電器 空気清浄機[閉店セール],5,22000,110000,0.9821703222
P085,ミライ電機 炊飯器 RZ-Mシリーズ,30000,E000485,2025-05-09,ミライ電機  炊飯器  rz-mシリーズ（期間限定）,1,30000,30000,0.992796358
P086,ヤマト IHクッキングヒーター,45000,E000486,2025-06-10,IHクッキングヒーター[期間限定],2,45000,90000,0.9999984294
P087,スノーテック ゲーム機 GAMESTATION5,50000,E000487,2025-07-11,スノーテック ゲーム機 GAMESTATION5（ネット）［半額セール］,3,50000,150000,0.9725959634
P088,ゲームワールド ポータブルゲーム,40000,E000488,2025-08-12,ゲームワールド ポータブルゲーム＜半額セール＞,4,40000,160000,0.995329149
P089,グローバルゲーム ゲームボックスX,55000,E000489,2025-09-13,グローバルゲーム  ゲームボックスX（半額セール）,5,55000,275000,0.9521362118
P090,フジヤマ電機 ビエラ ブルーレイレコーダー,35000,E000490,2025-10-14,フジヤマ電機 ビｴﾗ ブﾙｰﾚｲﾚｺｰダｰ[半額セール],1,35000,35000,0.9877633311
P091,サクラ電器 スマートフォン CLEARSCREEN R6,70000,E000491,2025-11-15,サクラ電器 スマートフォン CLEARSCREEN R6（ネット）（半額セール）,2,70000,140000,0.955887277
P024,スノーテック デジタルカメラ α7 III,200000,E000492,2025-12-16,デジタル一眼レフ α7R IV［半額セール］,3,250000,750000,0.9049553842
P092,スノーテック デジタル一眼レフ α7R IV,250000,E000492,2025-12-16,デジタル一眼レフ α7R IV［半額セール］,3,250000,750000,0.9561756115
P025,プリズム光学 EOS R6,230000,E000493,2025-01-17,プリズム光学  EOS  90D[閉店セール],4,150000,600000,0.9026831359
P093,プリズム光学 EOS 90D,150000,E000493,2025-01-17,プリズム光学  EOS  90D[閉店セール],4,150000,600000,0.9795433903
P094,レンズマスター X-T4,170000,E000494,2025-02-18,レンズマスター XT4【閉店セール】,5,170000,850000,0.9665024089
P095,クリスタルビジョン PEN-F,140000,E000495,2025-03-19,クリスタルビジョン ｐｅｎ－ｆ（ネット）【半額セール】,1,140000,140000,0.9935340173
P096,ビジョンプロ Z6 II,200000,E000496,2025-04-20,ビジョンプロ Z6 II［半額セール］,2,200000,400000,0.9856410352
P097,プリズム光学 imagePROGRAF PRO-1000,300000,E000497,2025-05-21,プリズム光学  imagePROGRAF  PRO-1000（半額セール）,3,300000,900000,0.9815797985
P098,プリントマスター スキャナー Perfection V39,25000,E000498,2025-06-22,スキャナー Perfection V39【半額セール】,4,25000,100000,0.9805659267
P099,オフィスプロ MP C4504,80000,E000499,2025-07-23,オフィスプロ MP C4504（ネット）（半額セール）,5,80000,400000,0.9662578563
P100,テクノセラミック TASKalfa 2552ci,250000,E000500,2025-08-24,テクノセラミック taskalfa 2552ci＜期間限定＞,1,250000,250000,0.974774276
P121,スノーデリ 具材付き炊き込みご飯の素,598,E000501,2025-10-26,スノーデリ 具材付き炊き込みご飯の素,1,598,598,1.0000000000
P101,スノーフレッシュ 有機サラダ菜パック,298,E000502,2025-12-21,スノーフレッシュ 有機サラダ菜パック,3,298,894,1.0000000000
P108,スノーフレッシュ 特選牛乳 1L,218,E000503,2025-12-15,スノーフレッシュ 特選牛乳 1L,2,218,436,1.0000000000
P105,スノーフレッシュ 有機レモン3個パック,298,E000504,2025-11-24,スノーフレッシュ 有機レモン3個パック,1,298,298,1.0000000000
P122,スノーデリ ハンバーグキット,598,E000505,2025-09-07,スノーデリ ハンバーグキット,5,598,2990,1.0000000000
P103,スノーフレッシュ 有機じゃがいも2kgパック,498,E000506,2025-03-26,スノーフレッシュ 有機じゃがいも2kgパック,5,498,2490,1.0000000000
P114,スノーセレクト 熟成豚肉,698,E000507,2025-09-06,スノーセレクト 熟成豚肉,1,698,698,1.0000000000
P101,スノーフレッシュ 有機サラダ菜パック,298,E000508,2025-05-27,スノーフレッシュ 有機サラダ菜パック,1,298,298,1.0000000000
P107,スノーフレッシュ 有機トマトジュース 500ml,298,E000509,2025-06-26,スノーフレッシュ 有機トマトジュース 500ml,2,298,596,1.0000000000
P117,スノーセレクト 高級刺身盛り合わせ,1280,E000510,2025-07-03,スノーセレクト 高級刺身盛り合わせ,5,1280,6400,1.0000000000
P101,スノーフレッシュ 有機サラダ菜パック,298,E000511,2025-05-15,スノーフレッシュ 有機サラダ菜パック,5,298,1490,1.0000000000
P107,スノーフレッシュ 有機トマトジュース 500ml,298,E000512,2025-01-20,スノーフレッシュ 有機トマトジュース 500ml,5,298,1490,1.0000000000
P114,スノーセレクト 熟成豚肉,698,E000513,2025-02-20,スノーセレクト 熟成豚肉,2,698,1396,1.0000000000
P115,スノーセレクト 朝びき地鶏,598,E000514,2025-05-30,スノーセレクト 朝びき地鶏,5,598,2990,1.0000000000
P109,スノーフレッシュ プレーンヨーグルト 400g,158,E000515,2025-03-29,スノーフレッシュ プレーンヨーグルト 400g,1,158,158,1.0000000000
P125,スノーデリ 中華炒めセット,598,E000516,2025-10-21,スノーデリ 中華炒めセット,2,598,1196,1.0000000000
P123,スノーデリ タイ風グリーンカレー,598,E000517,2025-10-13,スノーデリ タイ風グリーンカレー,4,598,2392,1.0000000000
P111,スノーフレッシュ 国産大豆絹ごし豆腐,98,E000518,2025-04-16,スノーフレッシュ 国産大豆絹ごし豆腐,3,98,294,1.0000000000
P105,スノーフレッシュ 有機レモン3個パック,298,E000519,2025-11-06,スノーフレッシュ 有機レモン3個パック,2,298,596,1.0000000000
P125,スノーデリ 中華炒めセット,598,E000520,2025-10-03,スノーデリ 中華炒めセット,3,598,1794,1.0000000000
P104,スノーフレッシュ 有機バナナ,398,E000521,2025-01-20,スノーフレッシュ 有機バナナ,1,398,398,1.0000000000
P113,スノーセレクト プレミアム和牛,1980,E000522,2025-09-01,スノーセレクト プレミアム和牛,1,1980,1980,1.0000000000
P112,スノーフレッシュ 毎日食パン 6枚切,158,E000523,2025-05-08,スノーフレッシュ 毎日食パン 6枚切,3,158,474,1.0000000000
P120,スノーデリ パスタソース&麺セット,498,E000524,2025-02-20,スノーデリ パスタソース&麺セット,3,498,1494,1.0000000000
P102,スノーフレッシュ 有機人参3本パック,258,E000525,2025-12-19,スノーフレッシュ 有機人参3本パック,4,258,1032,1.0000000000
P118,スノーセレクト シェフ特製惣菜,398,E000526,2025-06-11,スノーセレクト シェフ特製惣菜,1,398,398,1.0000000000
P113,スノーセレクト プレミアム和牛,1980,E000527,2025-09-24,スノーセレクト プレミアム和牛,1,1980,1980,1.0000000000
P118,スノーセレクト シェフ特製惣菜,398,E000528,2025-06-18,スノーセレクト シェフ特製惣菜,3,398,1194,1.0000000000
P121,スノーデリ 具材付き炊き込みご飯の素,598,E000529,2025-02-14,スノーデリ 具材付き炊き込みご飯の素,5,598,2990,1.0000000000
P112,スノーフレッシュ 毎日食パン 6枚切,158,E000530,2025-02-03,スノーフレッシュ 毎日食パン 6枚切,5,158,790,1.0000000000
P107,スノーフレッシュ 有機トマトジュース 500ml,298,E000531,2025-09-05,スノーフレッシュ 有機トマトジュース 500ml,1,298,298,1.0000000000
P102,スノーフレッシュ 有機人参3本パック,258,E000532,2025-11-25,スノーフレッシュ 有機人参3本パック,2,258,516,1.0000000000
P125,スノーデリ 中華炒めセット,598,E000533,2025-03-03,スノーデリ 中華炒めセット,3,598,1794,1.0000000000
P103,スノーフレッシュ 有機じゃがいも2kgパック,498,E000534,2025-05-18,スノーフレッシュ 有機じゃがいも2kgパック,2,498,996,1.0000000000
P104,スノーフレッシュ 有機バナナ,398,E000535,2025-03-10,スノーフレッシュ 有機バナナ,4,398,1592,1.0000000000
P109,スノーフレッシュ プレーンヨーグルト 400g,158,E000536,2025-12-31,スノーフレッシュ プレーンヨーグルト 400g,4,158,632,1.0000000000
P121,スノーデリ 具材付き炊き込みご飯の素,598,E000537,2025-01-03,スノーデリ 具材付き炊き込みご飯の素,3,598,1794,1.0000000000
P106,スノーフレッシュ 有機ブルーベリー,598,E000538,2025-08-14,スノーフレッシュ 有機ブルーベリー,3,598,1794,1.0000000000
P112,スノーフレッシュ 毎日食パン 6枚切,158,E000539,2025-07-13,スノーフレッシュ 毎日食パン 6枚切,2,158,316,1.0000000000
P122,スノーデリ ハンバーグキット,598,E000540,2025-05-04,スノーデリ ハンバーグキット,3,598,1794,1.0000000000
P123,スノーデリ タイ風グリーンカレー,598,E000541,2025-06-16,スノーデリ タイ風グリーンカレー,1,598,598,1.0000000000
P120,スノーデリ パスタソース&麺セット,498,E000542,2025-07-24,スノーデリ パスタソース&麺セット,2,498,996,1.0000000000
P118,スノーセレクト シェフ特製惣菜,398,E000543,2025-02-26,スノーセレクト シェフ特製惣菜,2,398,796,1.0000000000
P106,スノーフレッシュ 有機ブルーベリー,598,E000544,2025-05-31,スノーフレッシュ 有機ブルーベリー,4,598,2392,1.0000000000
P113,スノーセレクト プレミアム和牛,1980,E000545,2025-12-06,スノーセレクト プレミアム和牛,3,1980,5940,1.0000000000
P121,スノーデリ 具材付き炊き込みご飯の素,598,E000546,2025-05-18,スノーデリ 具材付き炊き込みご飯の素,5,598,2990,1.0000000000
P108,スノーフレッシュ 特選牛乳 1L,218,E000547,2025-12-31,スノーフレッシュ 特選牛乳 1L,3,218,654,1.0000000000
P125,スノーデリ 中華炒めセット,598,E000548,2025-06-28,スノーデリ 中華炒めセット,1,598,598,1.0000000000
P108,スノーフレッシュ 特選牛乳 1L,218,E000549,2025-01-16,スノーフレッシュ 特選牛乳 1L,1,218,218,1.0000000000
P111,スノーフレッシュ 国産大豆絹ごし豆腐,98,E000550,2025-01-12,スノーフレッシュ 国産大豆絹ごし豆腐,4,98,392,1.0000000000
